INPUT:image_a	INPUT:image_b	INPUT:emp_title	INPUT:profile_1	INPUT:profile_2	INPUT:decision_1	INPUT:decision_2	INPUT:emp_length	INPUT:loan_amount	INPUT:rationale_1	INPUT:rationale_2	INPUT:loan_purpose	INPUT:annual_income	INPUT:interest_rate	INPUT:debt_to_income	INPUT:open_credit_lines	INPUT:total_credit_limit	INPUT:total_credit_lines	INPUT:total_credit_utilized	OUTPUT:answer1	OUTPUT:answer2	OUTPUT:excerpt1	OUTPUT:excerpt2	OUTPUT:confidence1	OUTPUT:confidence2	OUTPUT:confirmation	GOLDEN:answer1	GOLDEN:answer2	GOLDEN:excerpt1	GOLDEN:excerpt2	GOLDEN:confidence1	GOLDEN:confidence2	GOLDEN:confirmation	HINT:text	HINT:default_language	ASSIGNMENT:link	ASSIGNMENT:task_id	ASSIGNMENT:assignment_id	ASSIGNMENT:worker_id	ASSIGNMENT:status	ASSIGNMENT:started
		Project manager	AI	Human	**Low**	**High**	7 years	$30,000	Based on the given information, the person holds a **stable employment position** as a project manager, indicating a **steady income source**. With an annual income of $64,000, the borrower's earnings appear to be **sufficient to cover the loan repayment**. While the loan purpose is for credit card debt, the loan amount of $30,000 does **not exceed the borrower's annual income significantly**. The interest rate of 9.93% is **relatively moderate**, further suggesting the borrower's financial stability. These factors collectively **support a favorable probability** of the person being able to repay the loan.	Based on the provided information, I would assign a **low propbability** of this person being able to **repay** the loan. Although the borrower holds the position of a project manager, their annual income of $64,000 may be **insufficient to comfortably handle** a loan amount of $30,000. Furthermore, the **interest rate of 9.93% is relatively high**, increasing the overall cost of borrowing. Given the loan purpose being **credit card debt**, it suggests a potential history of **financial mismanagement**. These factors raise concerns about the borrower's ability to meet their loan obligations, resulting in a lower probability of successful repayment.	Credit card	$64,000	9.93%	36.49	14	$434,447	37	$150,679	"""1"""	1	"""Their annual income of $64,000 may be insufficient to comfortably handle a loan amount of $30,000. Given the loan purpose being credit card debt, it suggests a potential history of financial mismanagement."""	"""Given the loan purpose being credit card debt, it suggests a potential history of financial mismanagement."""	"""6"""	"""6"""	"""confirm"""										https://platform.toloka.ai/task/39715421/00025e025d--648ede4698d4fb06018b9442	00025e025d--648e3712b555695101d6f018	00025e025d--648ede4698d4fb06018b9442	5f34d7cca1707bfcd339bf7dee18633b	APPROVED	2023-06-18T10:36:54.653
		General manager	Human	AI	**Low**	**High**	10 years	$35,000	The general manager's high annual income of **$280,000 and the ten years of employment length** demonstrate a stable and well-established financial situation. With a debt-to-income ratio of 13.27%, indicating a **low level of debt compared to income**, and a moderate credit utilization ratio of 43.65%, this person appears to have **good financial management skills**. The individual's total credit lines of 14 and open credit lines of 8 further demonstrate a **responsible approach to credit**. Overall, based on these factors, it is **highly likely** that this person would be able to **repay the loan**.	Upon evaluation of the provided information, several factors raise concerns about the person's ability to repay the loan. These factors include existing **debt consolidation**, a loan **amount of $35,000**, and a **high interest rate of 22.9%**. Additionally, the individual's total credit utilized amounting to **$192,017**, combined with numerous credit lines and **limited available credit**, suggests potential **financial strain** and difficulty in managing additional debt. Considering these aspects, there is a heightened likelihood that the person may encounter **challenges repaying the loan**.	Debt consolidation	$280,000	22.90%	13.27	8	$440,499	14	$192,017	"""1"""	1	"""existing debt consolidation, a loan amount of $35,000, and a high interest rate of 22.9%."""	"""existing debt consolidation, a loan amount of $35,000, and a high interest rate of 22.9%."""	"""5"""	"""5"""	"""confirm"""										https://platform.toloka.ai/task/39715421/00025e025d--648ede47217519212383a34a	00025e025d--648e3712b555695101d6f014	00025e025d--648ede47217519212383a34a	bdf9479198ff88cbba03a570acdb8db5	APPROVED	2023-06-18T10:36:55.822
		Counselor	AI	Human	**Low**	**High**	2 years	$7,000	Based on the provided information, the individual's employment as a counselor suggests a **stable profession** with a regular income source. With an **annual income of $83,000** and a debt-to-income ratio of 10.57%, the borrower seems to have a **healthy financial standing**. Furthermore, the loan amount of $7,000 is** relatively small** compared to the individual's income and credit lines. These factors, along with a **good credit history** indicated by a low total credit utilization rate of 8.65%, contribute to a **high likelihood of repayment**.	Based on the provided information, there are a few factors that raise **concerns** regarding the individual's ability to repay the loan. While the annual income of $83,000 is relatively decent, the **debt-to-income ratio of 10.57%** suggests a moderate level of existing debt. Additionally, the individual's **employment length of 2 years** might be considered relatively short, which could indicate a potential **lack of job stability**. The relatively **high total credit utilized at $18,170**, compared to a total credit limit of $210,025, suggests a higher utilization rate. These factors collectively contribute to a higher level of risk.	Medical	$83,000	6.71%	10.57	5	$210,025	30	$18,170	"""1"""	1	"""Additionally, the individual's employment length of 2 years might be considered relatively short, which could indicate a potential lack of job stability."""	"""Additionally, the individual's employment length of 2 years might be considered relatively short, which could indicate a potential lack of job stability."""	"""4"""	"""4"""	"""confirm"""										https://platform.toloka.ai/task/39715421/00025e025d--648ede4980e07a75fd78f72d	00025e025d--648e3712b555695101d6f010	00025e025d--648ede4980e07a75fd78f72d	e080c4550f2194cd28040d3a0bd7066b	APPROVED	2023-06-18T10:36:57.818
		Claims adjudicator	Human	AI	**Low**	**High**	10 years	$16,000	Based on the given information, the individual's employment as **a claims adjudicator** indicates a **stable and secure job** with a tenure of 10 years. With an **annual income of $40,000**, their debt-to-income ratio of 19.44% suggests a reasonable level of **financial stability**. Additionally, the individual has a total of 26 credit lines and is **utilizing only 45% of their total credit limit**, which indicates **responsible credit management**. Taking these factors into account, the individual demonstrates **a strong likelihood of being able to repay the loan**.	Based on the provided information, the individual's employment title as a claims adjudicator suggests stable employment. **However**, their annual income of **$40,000 is relatively low compared to the loan amount of $16,000**, resulting in a **high debt-to-income ratio of 19.44%**. Additionally, the **interest rate of 25.82%** indicates a higher risk of repayment difficulty. Considering these factors, it would indicatea higher likelihood of **not being able to repay** the loan successfully.	Debt consolidation	$40,000	25.82%	19.44	13	$38,688	26	$17,445	"""0"""	0	"""With an annual income of $40,000, their debt-to-income ratio of 19.44% suggests a reasonable level of financial stability. Additionally, the individual has a total of 26 credit lines and is utilizing only 45% of their total credit limit, which indicates responsible credit management. """	""" With an annual income of $40,000, their debt-to-income ratio of 19.44% suggests a reasonable level of financial stability. Additionally, the individual has a total of 26 credit lines and is utilizing only 45% of their total credit limit, which indicates responsible credit management. """	"""5"""	"""5"""	"""confirm"""										https://platform.toloka.ai/task/39715421/00025e025d--648ede4cad1f8e1e8e307d19	00025e025d--648e3712b555695101d6f00c	00025e025d--648ede4cad1f8e1e8e307d19	702d0d8bdde69291b171d47c0d7de289	APPROVED	2023-06-18T10:37:00.622
		Claims adjudicator	Human	AI	**Low**	**High**	10 years	$16,000	Based on the given information, the individual's employment as **a claims adjudicator** indicates a **stable and secure job** with a tenure of 10 years. With an **annual income of $40,000**, their debt-to-income ratio of 19.44% suggests a reasonable level of **financial stability**. Additionally, the individual has a total of 26 credit lines and is **utilizing only 45% of their total credit limit**, which indicates **responsible credit management**. Taking these factors into account, the individual demonstrates **a strong likelihood of being able to repay the loan**.	Based on the provided information, the individual's employment title as a claims adjudicator suggests stable employment. **However**, their annual income of **$40,000 is relatively low compared to the loan amount of $16,000**, resulting in a **high debt-to-income ratio of 19.44%**. Additionally, the **interest rate of 25.82%** indicates a higher risk of repayment difficulty. Considering these factors, it would indicatea higher likelihood of **not being able to repay** the loan successfully.	Debt consolidation	$40,000	25.82%	19.44	13	$38,688	26	$17,445	"""1"""	1	"""However, their annual income of $40,000 is relatively low compared to the loan amount of $16,000, resulting in a high debt-to-income ratio of 19.44%. Additionally, the interest rate of 25.82% indicates a higher risk of repayment difficulty. """	"""However, their annual income of $40,000 is relatively low compared to the loan amount of $16,000, resulting in a high debt-to-income ratio of 19.44%. Additionally, the interest rate of 25.82% indicates a higher risk of repayment difficulty. """	"""7"""	"""7"""	"""confirm"""										https://platform.toloka.ai/task/39715421/00025e025d--648ede4dd7c375249d27b188	00025e025d--648e3712b555695101d6f00c	00025e025d--648ede4dd7c375249d27b188	8bbbf4be9dac7e64b47d077e846a95af	APPROVED	2023-06-18T10:37:01.323
		Claims adjudicator	Human	AI	**Low**	**High**	10 years	$16,000	Based on the given information, the individual's employment as **a claims adjudicator** indicates a **stable and secure job** with a tenure of 10 years. With an **annual income of $40,000**, their debt-to-income ratio of 19.44% suggests a reasonable level of **financial stability**. Additionally, the individual has a total of 26 credit lines and is **utilizing only 45% of their total credit limit**, which indicates **responsible credit management**. Taking these factors into account, the individual demonstrates **a strong likelihood of being able to repay the loan**.	Based on the provided information, the individual's employment title as a claims adjudicator suggests stable employment. **However**, their annual income of **$40,000 is relatively low compared to the loan amount of $16,000**, resulting in a **high debt-to-income ratio of 19.44%**. Additionally, the **interest rate of 25.82%** indicates a higher risk of repayment difficulty. Considering these factors, it would indicatea higher likelihood of **not being able to repay** the loan successfully.	Debt consolidation	$40,000	25.82%	19.44	13	$38,688	26	$17,445	"""0"""	0	"""I am moderately confident in this decision. The decision-maker's explanation highlighted the individual's stable employment, reasonable debt-to-income ratio, and responsible credit management, which indicate a strong likelihood of loan repayment."""	"""I am moderately confident in this decision. The decision-maker's explanation highlighted the individual's stable employment, reasonable debt-to-income ratio, and responsible credit management, which indicate a strong likelihood of loan repayment."""	"""1"""	"""1"""	"""confirm"""										https://platform.toloka.ai/task/39715421/00025e025d--648ede505a761439e30b3108	00025e025d--648e3712b555695101d6f00c	00025e025d--648ede505a761439e30b3108	2af9a49b7380cb8ece9588212ea4b171	APPROVED	2023-06-18T10:37:04.983
		Welder	Human	AI	**Low**	**High**	1 year	$20,000	Based on the provided loan data profile, the individual has an **annual income of $83,000** as a welder, indicating a **reasonable income level**. Although they have only been employed for 1 year, the consistent income stream suggests **potential stability in their job**. While the debt-to-income ratio is 18.44, which is relatively high, the fact that they are seeking a loan for debt consolidation suggests a **proactive approach to managing their finances**. Furthermore, with a loan amount of $20,000 and a total credit limit of $555,154, the individual has a **significant amount of available credit**, indicating their **ability to handle larger financial obligations**. Considering these factors, **the person is likely to pay the loan**, especially if they are utilizing it for debt consolidation to streamline their repayments.	Firstly, despite having an annual income of $83,000 as a welder, the **high debt-to-income ratio of 18.44** indicates a significant portion of their income is **already allocated towards existing debt obligations**. Additionally, with a total of 76 open credit lines out of 11 total credit lines, it suggests a **high level of credit utilization** and potential **difficulty in managing multiple credit accounts effectively**. Furthermore, the large number of open credit lines might indicate a **history of accumulating debt** or potentially relying heavily on credit. Lastly, the interest rate of 15.05% on the loan amount of $20,000 may result in **higher monthly payments**, which could **strain their financial situation** further. Considering these factors, there is a possibility that the person may **face difficulties** in repaying the loan.	Debt consolidation	$83,000	15.05%	18.44	6	$555,154	11	$39,482	"""1"""	0	"""Considering these factors, the person is likely to pay the loan, especially if they are utilizing it for debt consolidation to streamline their repayments"""	"""Furthermore, with a loan amount of $20,000 and a total credit limit of $555,154, the individual has a significant amount of available credit, indicating their ability to handle larger financial obligations"""	"""5"""	"""5"""	"""confirm"""										https://platform.toloka.ai/task/39715421/00025e025d--648ede58eab89e4159abe811	00025e025d--648e3712b555695101d6f01e	00025e025d--648ede58eab89e4159abe811	886dcd3efd4a88a00bd0900b0a900824	APPROVED	2023-06-18T10:37:12.434
		Welder	Human	AI	**Low**	**High**	1 year	$20,000	Based on the provided loan data profile, the individual has an **annual income of $83,000** as a welder, indicating a **reasonable income level**. Although they have only been employed for 1 year, the consistent income stream suggests **potential stability in their job**. While the debt-to-income ratio is 18.44, which is relatively high, the fact that they are seeking a loan for debt consolidation suggests a **proactive approach to managing their finances**. Furthermore, with a loan amount of $20,000 and a total credit limit of $555,154, the individual has a **significant amount of available credit**, indicating their **ability to handle larger financial obligations**. Considering these factors, **the person is likely to pay the loan**, especially if they are utilizing it for debt consolidation to streamline their repayments.	Firstly, despite having an annual income of $83,000 as a welder, the **high debt-to-income ratio of 18.44** indicates a significant portion of their income is **already allocated towards existing debt obligations**. Additionally, with a total of 76 open credit lines out of 11 total credit lines, it suggests a **high level of credit utilization** and potential **difficulty in managing multiple credit accounts effectively**. Furthermore, the large number of open credit lines might indicate a **history of accumulating debt** or potentially relying heavily on credit. Lastly, the interest rate of 15.05% on the loan amount of $20,000 may result in **higher monthly payments**, which could **strain their financial situation** further. Considering these factors, there is a possibility that the person may **face difficulties** in repaying the loan.	Debt consolidation	$83,000	15.05%	18.44	6	$555,154	11	$39,482	"""1"""	1	"""Additionally, with a total of 76 open credit lines out of 11 total credit lines, it suggests a high level of credit utilization and potential difficulty in managing multiple credit accounts effectively. Lastly, the interest rate of 15.05% on the loan amount of $20,000 may result in higher monthly payments, which could strain their financial situation further."""	"""Additionally, with a total of 76 open credit lines out of 11 total credit lines, it suggests a high level of credit utilization and potential difficulty in managing multiple credit accounts effectively. Lastly, the interest rate of 15.05% on the loan amount of $20,000 may result in higher monthly payments, which could strain their financial situation further."""	"""6"""	"""6"""	"""confirm"""										https://platform.toloka.ai/task/39715421/00025e025d--648ede5a1958d1388cce6ac9	00025e025d--648e3712b555695101d6f01e	00025e025d--648ede5a1958d1388cce6ac9	b38c16bccb07cd808a12c84c6398f4e3	APPROVED	2023-06-18T10:37:14.113
		Counselor	AI	Human	**Low**	**High**	2 years	$7,000	Based on the provided information, the individual's employment as a counselor suggests a **stable profession** with a regular income source. With an **annual income of $83,000** and a debt-to-income ratio of 10.57%, the borrower seems to have a **healthy financial standing**. Furthermore, the loan amount of $7,000 is** relatively small** compared to the individual's income and credit lines. These factors, along with a **good credit history** indicated by a low total credit utilization rate of 8.65%, contribute to a **high likelihood of repayment**.	Based on the provided information, there are a few factors that raise **concerns** regarding the individual's ability to repay the loan. While the annual income of $83,000 is relatively decent, the **debt-to-income ratio of 10.57%** suggests a moderate level of existing debt. Additionally, the individual's **employment length of 2 years** might be considered relatively short, which could indicate a potential **lack of job stability**. The relatively **high total credit utilized at $18,170**, compared to a total credit limit of $210,025, suggests a higher utilization rate. These factors collectively contribute to a higher level of risk.	Medical	$83,000	6.71%	10.57	5	$210,025	30	$18,170	"""0"""	0	""" While the annual income of $83,000 is relatively decent, the debt-to-income ratio of 10.57% suggests a moderate level of existing debt."""	""" While the annual income of $83,000 is relatively decent, the debt-to-income ratio of 10.57% suggests a moderate level of existing debt."""	"""4"""	"""5"""	"""confirm"""										https://platform.toloka.ai/task/39715421/00025e025d--648ede5d5a761439e30b3ee4	00025e025d--648e3712b555695101d6f010	00025e025d--648ede5d5a761439e30b3ee4	c20b7585acff02415ff7a08dc1a23340	APPROVED	2023-06-18T10:37:17.708
		Assistant district attorney	Human	AI	**Low**	**High**	2 years	$13,600	Based on the provided information, I would assign a **high probability of the ability to repay the loan**. While the loan amount of $13,600 is significant compared to the annual income of $62,000, the individual's employment as an assistant district attorney suggests a stable and relatively **secure job**. Although the interest rate of 19.03% is relatively high, it does **not necessarily indicate an inability to repay**. The loan purpose of debt consolidation could indicate a **responsible approach to managing financial obligations**. Considering these factors, I believe there is a reasonable probability of this person being able to repay the loan.	Based on the provided information, I would indicate a relatively **low probability** of this person being able to repay the loan. The annual income of $62,000 suggests a **moderate income level**, but the loan amount of $13,600 is **significant relative to the income**. Additionally, the **high interest rate** of 19.03% suggests a **higher risk** for defaulting on the loan. The purpose of the loan, **debt consolidation**, implies existing **financial obligations**, further increasing the borrower's financial strain. Combined, these factors contribute to a **lower probability of repayment **.	Debt consolidation	$62,000	19.03%	24.46	16	$306,048	44	$283,750	"""0"""	0	"""not necessarily indicate an inability to repay"""	"""Human"""	"""4"""	"""4"""	"""confirm"""										https://platform.toloka.ai/task/39715421/00025e025d--648ede5f1958d1388cce6b60	00025e025d--648e3712b555695101d6f01a	00025e025d--648ede5f1958d1388cce6b60	3fb8aff27357faf9e2e8cae44af5a26f	APPROVED	2023-06-18T10:37:19.377
		Welder	Human	AI	**Low**	**High**	1 year	$20,000	Based on the provided loan data profile, the individual has an **annual income of $83,000** as a welder, indicating a **reasonable income level**. Although they have only been employed for 1 year, the consistent income stream suggests **potential stability in their job**. While the debt-to-income ratio is 18.44, which is relatively high, the fact that they are seeking a loan for debt consolidation suggests a **proactive approach to managing their finances**. Furthermore, with a loan amount of $20,000 and a total credit limit of $555,154, the individual has a **significant amount of available credit**, indicating their **ability to handle larger financial obligations**. Considering these factors, **the person is likely to pay the loan**, especially if they are utilizing it for debt consolidation to streamline their repayments.	Firstly, despite having an annual income of $83,000 as a welder, the **high debt-to-income ratio of 18.44** indicates a significant portion of their income is **already allocated towards existing debt obligations**. Additionally, with a total of 76 open credit lines out of 11 total credit lines, it suggests a **high level of credit utilization** and potential **difficulty in managing multiple credit accounts effectively**. Furthermore, the large number of open credit lines might indicate a **history of accumulating debt** or potentially relying heavily on credit. Lastly, the interest rate of 15.05% on the loan amount of $20,000 may result in **higher monthly payments**, which could **strain their financial situation** further. Considering these factors, there is a possibility that the person may **face difficulties** in repaying the loan.	Debt consolidation	$83,000	15.05%	18.44	6	$555,154	11	$39,482	"""0"""	0	"""Furthermore, with a loan amount of $20,000 and a total credit limit of $555,154, the individual has a significant amount of available credit, indicating their ability to handle larger financial obligations. Considering these factors, the person is likely to pay the loan, especially if they are utilizing it for debt consolidation to streamline their repayments."""	"""Furthermore, with a loan amount of $20,000 and a total credit limit of $555,154, the individual has a significant amount of available credit, indicating their ability to handle larger financial obligations. Considering these factors, the person is likely to pay the loan, especially if they are utilizing it for debt consolidation to streamline their repayments."""	"""3"""	"""3"""	"""confirm"""										https://platform.toloka.ai/task/39715421/00025e025d--648ede626363e5730cb8299c	00025e025d--648e3712b555695101d6f01e	00025e025d--648ede626363e5730cb8299c	20c8688e689a6923144e7d1d2bd1b198	APPROVED	2023-06-18T10:37:22.944
		Driver	Human	AI	**Low**	**High**	10 years	$20,000	Considering the provided information, there are several factors that contribute to a more **positive assessment** of the borrower's ability to repay the loan. Despite the borrower's annual income of $27,000, they have been employed as a driver for 10 years, indicating **stability and a consistent income source**. Although the interest rate of 21.45% is relatively high, the borrower's debt-to-income ratio of 5.11 suggests a **manageable level of debt**. Additionally, the borrower has a relatively low number of total credit lines, but their credit utilization of 66% indicates a **responsible utilization of available credit**. These factors collectively suggest a **low risk**, implying a **good probability of repayment**.	Based on the provided information, several factors contribute to the assessment of the borrower's ability to repay the loan. Firstly, the borrower's annual income of $27,000 is **relatively low** compared to the loan amount of $20,000, indicating potential **financial strain**. Secondly, the **interest rate of 21.45% is relatively high**, which increases the overall cost of borrowing. Additionally, the borrower's debt-to-income ratio of 5.11 suggests a relatively **high level of existing debt** compared to their income. Lastly, the borrower has a limited credit history with **only one open credit line** and a significant portion of their available credit already utilized. These factors collectively indicate a **higher risk** and imply a **lower probability of repayment**.	House	$27,000	21.45%	5.11	1	$5,300	5	$3,501	"""0"""	0	"""tability and a consistent income source"""	"""tability and a consistent income source"""	"""4"""	"""4"""	"""confirm"""										https://platform.toloka.ai/task/39715421/00025e025d--648ede6398d4fb06018b95d2	00025e025d--648e3712b555695101d6f012	00025e025d--648ede6398d4fb06018b95d2	40794efb4a5333c7891f667a6ea00488	APPROVED	2023-06-18T10:37:23.765
		Driver	Human	AI	**Low**	**High**	10 years	$20,000	Considering the provided information, there are several factors that contribute to a more **positive assessment** of the borrower's ability to repay the loan. Despite the borrower's annual income of $27,000, they have been employed as a driver for 10 years, indicating **stability and a consistent income source**. Although the interest rate of 21.45% is relatively high, the borrower's debt-to-income ratio of 5.11 suggests a **manageable level of debt**. Additionally, the borrower has a relatively low number of total credit lines, but their credit utilization of 66% indicates a **responsible utilization of available credit**. These factors collectively suggest a **low risk**, implying a **good probability of repayment**.	Based on the provided information, several factors contribute to the assessment of the borrower's ability to repay the loan. Firstly, the borrower's annual income of $27,000 is **relatively low** compared to the loan amount of $20,000, indicating potential **financial strain**. Secondly, the **interest rate of 21.45% is relatively high**, which increases the overall cost of borrowing. Additionally, the borrower's debt-to-income ratio of 5.11 suggests a relatively **high level of existing debt** compared to their income. Lastly, the borrower has a limited credit history with **only one open credit line** and a significant portion of their available credit already utilized. These factors collectively indicate a **higher risk** and imply a **lower probability of repayment**.	House	$27,000	21.45%	5.11	1	$5,300	5	$3,501	"""0"""	1	"""Greetings friends, it is highly risky to show figures referring to money"""	"""Greetings friends, it is highly risky to show figures referring to money"""	"""3"""	"""4"""	"""confirm"""										https://platform.toloka.ai/task/39715421/00025e025d--648ede6580636234aaaa4fab	00025e025d--648e3712b555695101d6f012	00025e025d--648ede6580636234aaaa4fab	19d4a14880e187323ea768ebfda1b780	APPROVED	2023-06-18T10:37:25.514
		Assistant district attorney	Human	AI	**Low**	**High**	2 years	$13,600	Based on the provided information, I would assign a **high probability of the ability to repay the loan**. While the loan amount of $13,600 is significant compared to the annual income of $62,000, the individual's employment as an assistant district attorney suggests a stable and relatively **secure job**. Although the interest rate of 19.03% is relatively high, it does **not necessarily indicate an inability to repay**. The loan purpose of debt consolidation could indicate a **responsible approach to managing financial obligations**. Considering these factors, I believe there is a reasonable probability of this person being able to repay the loan.	Based on the provided information, I would indicate a relatively **low probability** of this person being able to repay the loan. The annual income of $62,000 suggests a **moderate income level**, but the loan amount of $13,600 is **significant relative to the income**. Additionally, the **high interest rate** of 19.03% suggests a **higher risk** for defaulting on the loan. The purpose of the loan, **debt consolidation**, implies existing **financial obligations**, further increasing the borrower's financial strain. Combined, these factors contribute to a **lower probability of repayment **.	Debt consolidation	$62,000	19.03%	24.46	16	$306,048	44	$283,750	"""0"""	0	"""No"""	"""No"""	"""5"""	"""3"""	"""confirm"""										https://platform.toloka.ai/task/39715421/00025e025d--648ede6758db6d22ce830832	00025e025d--648e3712b555695101d6f01a	00025e025d--648ede6758db6d22ce830832	0479e8042aa9717ce573cdef62d1b0e8	APPROVED	2023-06-18T10:37:27.706
		General manager	Human	AI	**Low**	**High**	10 years	$35,000	The general manager's high annual income of **$280,000 and the ten years of employment length** demonstrate a stable and well-established financial situation. With a debt-to-income ratio of 13.27%, indicating a **low level of debt compared to income**, and a moderate credit utilization ratio of 43.65%, this person appears to have **good financial management skills**. The individual's total credit lines of 14 and open credit lines of 8 further demonstrate a **responsible approach to credit**. Overall, based on these factors, it is **highly likely** that this person would be able to **repay the loan**.	Upon evaluation of the provided information, several factors raise concerns about the person's ability to repay the loan. These factors include existing **debt consolidation**, a loan **amount of $35,000**, and a **high interest rate of 22.9%**. Additionally, the individual's total credit utilized amounting to **$192,017**, combined with numerous credit lines and **limited available credit**, suggests potential **financial strain** and difficulty in managing additional debt. Considering these aspects, there is a heightened likelihood that the person may encounter **challenges repaying the loan**.	Debt consolidation	$280,000	22.90%	13.27	8	$440,499	14	$192,017	"""1"""	1	""" high interest rate of 22.9% individual's total credit utilized amounting to $192,017, combined with numerous credit lines and limited available credit potential financial strain and difficulty in managing additional debt"""	"""potential financial strain and difficulty in managing additional debt"""	"""6"""	"""6"""	"""confirm"""										https://platform.toloka.ai/task/39715421/00025e025d--648ede69a1af7c7d84bec2e3	00025e025d--648e3712b555695101d6f014	00025e025d--648ede69a1af7c7d84bec2e3	e9afcbad03d16bb80413a08fc886bf92	APPROVED	2023-06-18T10:37:29.297
		Medical assistant	Human	AI	**Low**	**High**	4 years	$20,000	Based on the provided information, I would indicate a **moderate probability** of this person being able to repay the loan. Although the **annual income** of $35,000 is **relatively low**, the requested **loan amount of $20,000 is less than half of the annual income**, which suggests a reasonable borrowing amount. While the interest rate of 20% is high, the borrower's four years of employment and eight total credit lines **indicate some stability and creditworthiness**. Furthermore, the debt-to-income ratio of 24.7% is **relatively manageable**, and although the credit utilization rate of 73.6% is high, the borrower still has access to a significant portion of their total credit limit.	Based on the provided information, I would indicate a **lower probability** of this person being able to **repay** the loan. The individual's annual income of $35,000 is **relatively low** compared to the requested loan amount of $20,000. Additionally, the **high interest rate** of 20% suggests a higher cost of borrowing, making it more **challenging for the borrower** to manage repayment. The **debt-to-income ratio** of 24.7% indicates a **significant portion of the borrower's income** is already allocated towards debt obligations. These factors, combined with a **relatively high credit utilization** rate of 73.6% (total credit utilized divided by total credit limit), suggest a **higher risk** of potential financial strain and difficulty in meeting loan repayment obligations.	House	$35,000	20%	24.7	7	$49,097	8	$36,219	"""1"""	1	"""a lower probability of this person being able to repay the loan. The individual's annual income of $35,000 is relatively low compared to the requested loan amount of $20,000. Additionally, the high interest rate of 20% suggests a higher cost of borrowing, making it more challengin for the borrower to manage repayment."""	"""Based on the provided information, I would indicate a lower probability of this person being able to repay the loan. The individual's annual income of $35,000 is relatively low compared to the requested loan amount of $20,000. Additionally, the high interest rate of 20% suggests a higher cost of borrowing, making it more challenging for the borrower to manage repayment"""	"""6"""	"""6"""	"""confirm"""										https://platform.toloka.ai/task/39715421/00025e025d--648ede69ce8f6852fb586061	00025e025d--648e3712b555695101d6f016	00025e025d--648ede69ce8f6852fb586061	061619daa9a20c17f4b9d63e3b10c1a7	APPROVED	2023-06-18T10:37:29.318
		Assistant district attorney	Human	AI	**Low**	**High**	2 years	$13,600	Based on the provided information, I would assign a **high probability of the ability to repay the loan**. While the loan amount of $13,600 is significant compared to the annual income of $62,000, the individual's employment as an assistant district attorney suggests a stable and relatively **secure job**. Although the interest rate of 19.03% is relatively high, it does **not necessarily indicate an inability to repay**. The loan purpose of debt consolidation could indicate a **responsible approach to managing financial obligations**. Considering these factors, I believe there is a reasonable probability of this person being able to repay the loan.	Based on the provided information, I would indicate a relatively **low probability** of this person being able to repay the loan. The annual income of $62,000 suggests a **moderate income level**, but the loan amount of $13,600 is **significant relative to the income**. Additionally, the **high interest rate** of 19.03% suggests a **higher risk** for defaulting on the loan. The purpose of the loan, **debt consolidation**, implies existing **financial obligations**, further increasing the borrower's financial strain. Combined, these factors contribute to a **lower probability of repayment **.	Debt consolidation	$62,000	19.03%	24.46	16	$306,048	44	$283,750	"""1"""	1	"""Based on the provided information, I would assign a high probability of the ability to repay the loan"""	""" Although the interest rate of 19.03% is relatively high, it does not necessarily indicate an inability to repay"""	"""1"""	"""1"""	"""confirm"""										https://platform.toloka.ai/task/39715421/00025e025d--648ede6ad2237e38d7cb779c	00025e025d--648e3712b555695101d6f01a	00025e025d--648ede6ad2237e38d7cb779c	69e41215954a8cb313ad23f7fbdaa282	APPROVED	2023-06-18T10:37:30.437
		Medical assistant	Human	AI	**Low**	**High**	4 years	$20,000	Based on the provided information, I would indicate a **moderate probability** of this person being able to repay the loan. Although the **annual income** of $35,000 is **relatively low**, the requested **loan amount of $20,000 is less than half of the annual income**, which suggests a reasonable borrowing amount. While the interest rate of 20% is high, the borrower's four years of employment and eight total credit lines **indicate some stability and creditworthiness**. Furthermore, the debt-to-income ratio of 24.7% is **relatively manageable**, and although the credit utilization rate of 73.6% is high, the borrower still has access to a significant portion of their total credit limit.	Based on the provided information, I would indicate a **lower probability** of this person being able to **repay** the loan. The individual's annual income of $35,000 is **relatively low** compared to the requested loan amount of $20,000. Additionally, the **high interest rate** of 20% suggests a higher cost of borrowing, making it more **challenging for the borrower** to manage repayment. The **debt-to-income ratio** of 24.7% indicates a **significant portion of the borrower's income** is already allocated towards debt obligations. These factors, combined with a **relatively high credit utilization** rate of 73.6% (total credit utilized divided by total credit limit), suggest a **higher risk** of potential financial strain and difficulty in meeting loan repayment obligations.	House	$35,000	20%	24.7	7	$49,097	8	$36,219	"""0"""	0	""" indicate some stability and creditworthiness"""	""" indicate some stability and creditworthiness"""	"""4"""	"""4"""	"""confirm"""										https://platform.toloka.ai/task/39715421/00025e025d--648ede6b08b5135b66e832a1	00025e025d--648e3712b555695101d6f016	00025e025d--648ede6b08b5135b66e832a1	be85f2928df1008813594edfa4b5fda2	APPROVED	2023-06-18T10:37:31.125
		Driver	Human	AI	**Low**	**High**	10 years	$20,000	Considering the provided information, there are several factors that contribute to a more **positive assessment** of the borrower's ability to repay the loan. Despite the borrower's annual income of $27,000, they have been employed as a driver for 10 years, indicating **stability and a consistent income source**. Although the interest rate of 21.45% is relatively high, the borrower's debt-to-income ratio of 5.11 suggests a **manageable level of debt**. Additionally, the borrower has a relatively low number of total credit lines, but their credit utilization of 66% indicates a **responsible utilization of available credit**. These factors collectively suggest a **low risk**, implying a **good probability of repayment**.	Based on the provided information, several factors contribute to the assessment of the borrower's ability to repay the loan. Firstly, the borrower's annual income of $27,000 is **relatively low** compared to the loan amount of $20,000, indicating potential **financial strain**. Secondly, the **interest rate of 21.45% is relatively high**, which increases the overall cost of borrowing. Additionally, the borrower's debt-to-income ratio of 5.11 suggests a relatively **high level of existing debt** compared to their income. Lastly, the borrower has a limited credit history with **only one open credit line** and a significant portion of their available credit already utilized. These factors collectively indicate a **higher risk** and imply a **lower probability of repayment**.	House	$27,000	21.45%	5.11	1	$5,300	5	$3,501	"""1"""		"""Based on the provided information, several factors contribute to the assessment of the borrower's ability to repay the loan. Firstly, the borrower's annual income of $27,000 is relatively low compared to the loan amount of $20,000, indicating potential financial strain. Secondly, the interest rate of 21.45% is relatively high, which increases the overall cost of borrowing."""	"""Based on the provided information, several factors contribute to the assessment of the borrower's ability to repay the loan. Firstly, the borrower's annual income of $27,000 is relatively low compared to the loan amount of $20,000, indicating potential financial strain. Secondly, the interest rate of 21.45% is relatively high, which increases the overall cost of borrowing. Additionally, the borrower's debt-to-income ratio of 5.11 suggests a relatively high level of existing debt compared to their income. Lastly, the borrower has a limited credit history with only one open credit line and a significant portion of their available credit already utilized. These factors collectively indicate a higher risk and imply a lower probability of repayment."""	"""6"""	"""3"""	"""confirm"""										https://platform.toloka.ai/task/39715421/00025e025d--648ede6beab89e4159abea4b	00025e025d--648e3712b555695101d6f012	00025e025d--648ede6beab89e4159abea4b	d7b7f11ee70264bf8fd0d5dc7815d6ad	APPROVED	2023-06-18T10:37:31.094
		General manager	Human	AI	**Low**	**High**	10 years	$35,000	The general manager's high annual income of **$280,000 and the ten years of employment length** demonstrate a stable and well-established financial situation. With a debt-to-income ratio of 13.27%, indicating a **low level of debt compared to income**, and a moderate credit utilization ratio of 43.65%, this person appears to have **good financial management skills**. The individual's total credit lines of 14 and open credit lines of 8 further demonstrate a **responsible approach to credit**. Overall, based on these factors, it is **highly likely** that this person would be able to **repay the loan**.	Upon evaluation of the provided information, several factors raise concerns about the person's ability to repay the loan. These factors include existing **debt consolidation**, a loan **amount of $35,000**, and a **high interest rate of 22.9%**. Additionally, the individual's total credit utilized amounting to **$192,017**, combined with numerous credit lines and **limited available credit**, suggests potential **financial strain** and difficulty in managing additional debt. Considering these aspects, there is a heightened likelihood that the person may encounter **challenges repaying the loan**.	Debt consolidation	$280,000	22.90%	13.27	8	$440,499	14	$192,017	"""0"""	0	"""good financial management skills"""	"""Human"""	"""1"""	"""2"""	"""confirm"""										https://platform.toloka.ai/task/39715421/00025e025d--648ede6e80e07a75fd78fb33	00025e025d--648e3712b555695101d6f014	00025e025d--648ede6e80e07a75fd78fb33	ce6a3f63c047b5cbf00de6d77a2d0660	APPROVED	2023-06-18T10:37:34.246
		Service technician	Human	AI	**Low**	**High**	10 years	$40,000	Based on the given information, the individual has a **stable employment history** with 10 years of experience as a service technician. Their annual income of $50,000 suggests a **reasonable ability** to make loan payments. Although their debt-to-income ratio is relatively high at 59.29%, the loan purpose being debt consolidation indicates an intention to **manage their debts more efficiently**. Additionally, with a total of 35 credit lines and 21 open credit lines, the individual has a **substantial credit history**. While the total credit utilized is significant, it is important to note that the loan amount of **$40,000 is lower than their total credit limit**. Taking these factors into account, there is a **good probability** that the individual will be able to repay the loan.	Based on the given information, the individual's **debt-to-income ratio is 59.29%**, which suggests a significant portion of their income is already allocated towards **debt payments**. Additionally, the loan purpose being debt consolidation indicates that they may **already have existing debt obligations**. Furthermore, the high interest rate of 20% indicates a higher risk for the lender. Lastly, the individual's total credit utilized is relatively high compared to their total credit limit, indicating a **potential strain on their available credit**. Considering these factors, it suggests a higher probability of **difficulty in repaying** the loan.	Debt consolidation	$50,000	20%	59.29	21	$375,828	35	$87,934	"""1"""	0	"""The information provided is fully consistent with the stated risks."""	"""The information provided is fully consistent with the stated risks"""	"""5"""	"""6"""	"""confirm"""										https://platform.toloka.ai/task/39715421/00025e025d--648ede6ece8f6852fb5860da	00025e025d--648e3712b555695101d6f00e	00025e025d--648ede6ece8f6852fb5860da	9d6c0006b436c25a303f0e6e129d12ba	APPROVED	2023-06-18T10:37:34.049
		Service technician	Human	AI	**Low**	**High**	10 years	$40,000	Based on the given information, the individual has a **stable employment history** with 10 years of experience as a service technician. Their annual income of $50,000 suggests a **reasonable ability** to make loan payments. Although their debt-to-income ratio is relatively high at 59.29%, the loan purpose being debt consolidation indicates an intention to **manage their debts more efficiently**. Additionally, with a total of 35 credit lines and 21 open credit lines, the individual has a **substantial credit history**. While the total credit utilized is significant, it is important to note that the loan amount of **$40,000 is lower than their total credit limit**. Taking these factors into account, there is a **good probability** that the individual will be able to repay the loan.	Based on the given information, the individual's **debt-to-income ratio is 59.29%**, which suggests a significant portion of their income is already allocated towards **debt payments**. Additionally, the loan purpose being debt consolidation indicates that they may **already have existing debt obligations**. Furthermore, the high interest rate of 20% indicates a higher risk for the lender. Lastly, the individual's total credit utilized is relatively high compared to their total credit limit, indicating a **potential strain on their available credit**. Considering these factors, it suggests a higher probability of **difficulty in repaying** the loan.	Debt consolidation	$50,000	20%	59.29	21	$375,828	35	$87,934	"""0"""	0	"""A good credit history ensures timely loan repayment. I think that a person with such an annual salary can be with a loan"""	"""A good credit history ensures timely loan repayment. I think that a person with such an annual salary can be with a loan"""	"""6"""	"""6"""	"""confirm"""										https://platform.toloka.ai/task/39715421/00025e025d--648ede6f80636234aaaa511f	00025e025d--648e3712b555695101d6f00e	00025e025d--648ede6f80636234aaaa511f	c8f6d558a808777c49c35192f91ffb4a	APPROVED	2023-06-18T10:37:35.982
		Operational risk manager	AI	Human	**Low**	**High**	10 years	$5,000	Based on the provided loan data profile, the individual has a **stable employment history** as an operational risk manager for 10 years, indicating a reliable and **consistent source of income**. Their annual income of $210,000 demonstrates a **high earning capacity**, increasing the likelihood of timely loan repayments. With a debt-to-income ratio of 9.53, the individual's current debt obligations are **relatively low compared to their income**, indicating a **manageable financial situation**. Furthermore, the loan amount of $5,000 is **relatively small compared to their total credit limit of $322,046**, suggesting that the individual has a **strong credit profile** and is capable of managing their existing credit lines effectively. Considering these factors, the person is **expected to pay the loan on time**.	The high debt-to-income ratio of 9.53 suggests that they already have **significant debt obligations relative to their income**. Additionally, a total credit utilization of $73,705 out of a total credit limit of $322,046 indicates a **substantial amount of their available credit is already being utilized**. Furthermore, the **relatively high interest rate** of 26.77% on the loan amount of $5,000 may result in **increased monthly payments that could strain their financial situation**. Considering these factors, there is a possibility that the person may **face challenges** in paying off the loan.	Medical	$210,000	26.77%	9.53	7	$322,046	18	$73,705	"""1"""	0	"""The high debt-to-income ratio of 9.53 suggests that they already have significant debt obligations relative to their income. The relatively high interest rate of 26.77% on the loan amount of $5,000 may result in increased monthly payments that could strain their financial situation."""	"""While Decision-maker 2 is described as a \""human,\"" which might suggest a higher level of expertise or intuition, it is important to note that their decision was not based on specific reasoning or factors related to the loan profile. Decision-maker 1, represented by \""Al,\"" provided a detailed analysis of the loan profile, considering factors such as employment history, income, debt-to-income ratio, and credit utilization"""	"""5"""	"""5"""	"""confirm"""										https://platform.toloka.ai/task/39715421/00025e025d--648ede705a761439e30b4bb7	00025e025d--648e3712b555695101d6f01c	00025e025d--648ede705a761439e30b4bb7	95fa4b75e12315892f3c6d762b89e5d5	APPROVED	2023-06-18T10:37:36.657
		Operational risk manager	AI	Human	**Low**	**High**	10 years	$5,000	Based on the provided loan data profile, the individual has a **stable employment history** as an operational risk manager for 10 years, indicating a reliable and **consistent source of income**. Their annual income of $210,000 demonstrates a **high earning capacity**, increasing the likelihood of timely loan repayments. With a debt-to-income ratio of 9.53, the individual's current debt obligations are **relatively low compared to their income**, indicating a **manageable financial situation**. Furthermore, the loan amount of $5,000 is **relatively small compared to their total credit limit of $322,046**, suggesting that the individual has a **strong credit profile** and is capable of managing their existing credit lines effectively. Considering these factors, the person is **expected to pay the loan on time**.	The high debt-to-income ratio of 9.53 suggests that they already have **significant debt obligations relative to their income**. Additionally, a total credit utilization of $73,705 out of a total credit limit of $322,046 indicates a **substantial amount of their available credit is already being utilized**. Furthermore, the **relatively high interest rate** of 26.77% on the loan amount of $5,000 may result in **increased monthly payments that could strain their financial situation**. Considering these factors, there is a possibility that the person may **face challenges** in paying off the loan.	Medical	$210,000	26.77%	9.53	7	$322,046	18	$73,705	"""0"""	1	"""maker 1: Low  Based on the provided loan data profile, the individual has a stable employment history as an operational risk manager for 10 years, indicating a reliable and consistent source of income. Their annual income of $210,000 demonstrates a high earning capacity, increasing the likelihood of timely loan repayments. With a debt-to-income ratio of 9.53, the individual's current debt obligations are relatively low compared to their income, indicating a manageable financial situation. Furthermore, the loan amount of $5,000 is relatively small compared to their total credit limit of $322,046, suggesting that the individual has a strong credit profile and is capable of managing their existing credit lines effectively. Considering these factors, the person is expected to pay the loan on time."""	"""The high debt-to-income ratio of 9.53 suggests that they already have significant debt obligations relative to their income. Additionally, a total credit utilization of $73,705 out of a total credit limit of $322,046 indicates a substantial amount of their available credit is already being utilized. Furthermore, the relatively high interest rate of 26.77% on the loan amount of $5,000 may result in increased monthly payments that could strain their financial situation. Considering these factors, there is a possibility that the person may face challenges in paying off the loan."""	"""2"""	"""1"""	"""confirm"""										https://platform.toloka.ai/task/39715421/00025e025d--648ede7080e07a75fd78fb59	00025e025d--648e3712b555695101d6f01c	00025e025d--648ede7080e07a75fd78fb59	f8354ebdb9eb88b48c0b388b8f959993	APPROVED	2023-06-18T10:37:36.820
		Operational risk manager	AI	Human	**Low**	**High**	10 years	$5,000	Based on the provided loan data profile, the individual has a **stable employment history** as an operational risk manager for 10 years, indicating a reliable and **consistent source of income**. Their annual income of $210,000 demonstrates a **high earning capacity**, increasing the likelihood of timely loan repayments. With a debt-to-income ratio of 9.53, the individual's current debt obligations are **relatively low compared to their income**, indicating a **manageable financial situation**. Furthermore, the loan amount of $5,000 is **relatively small compared to their total credit limit of $322,046**, suggesting that the individual has a **strong credit profile** and is capable of managing their existing credit lines effectively. Considering these factors, the person is **expected to pay the loan on time**.	The high debt-to-income ratio of 9.53 suggests that they already have **significant debt obligations relative to their income**. Additionally, a total credit utilization of $73,705 out of a total credit limit of $322,046 indicates a **substantial amount of their available credit is already being utilized**. Furthermore, the **relatively high interest rate** of 26.77% on the loan amount of $5,000 may result in **increased monthly payments that could strain their financial situation**. Considering these factors, there is a possibility that the person may **face challenges** in paying off the loan.	Medical	$210,000	26.77%	9.53	7	$322,046	18	$73,705	"""1"""	1	"""Their annual income of $210,000 demonstrates a high earning capacity, increasing the likelihood of timely loan repayments."""	""" Furthermore, the relatively high interest rate of 26.77% on the loan amount of $5,000 may result in increased monthly payments that could strain their financial situation. """	"""4"""	"""4"""	"""confirm"""										https://platform.toloka.ai/task/39715421/00025e025d--648ede70a1af7c7d84bec35c	00025e025d--648e3712b555695101d6f01c	00025e025d--648ede70a1af7c7d84bec35c	acc78d5fb3575c0e4436abdd4ad25f54	APPROVED	2023-06-18T10:37:36.075
		Service technician	Human	AI	**Low**	**High**	10 years	$40,000	Based on the given information, the individual has a **stable employment history** with 10 years of experience as a service technician. Their annual income of $50,000 suggests a **reasonable ability** to make loan payments. Although their debt-to-income ratio is relatively high at 59.29%, the loan purpose being debt consolidation indicates an intention to **manage their debts more efficiently**. Additionally, with a total of 35 credit lines and 21 open credit lines, the individual has a **substantial credit history**. While the total credit utilized is significant, it is important to note that the loan amount of **$40,000 is lower than their total credit limit**. Taking these factors into account, there is a **good probability** that the individual will be able to repay the loan.	Based on the given information, the individual's **debt-to-income ratio is 59.29%**, which suggests a significant portion of their income is already allocated towards **debt payments**. Additionally, the loan purpose being debt consolidation indicates that they may **already have existing debt obligations**. Furthermore, the high interest rate of 20% indicates a higher risk for the lender. Lastly, the individual's total credit utilized is relatively high compared to their total credit limit, indicating a **potential strain on their available credit**. Considering these factors, it suggests a higher probability of **difficulty in repaying** the loan.	Debt consolidation	$50,000	20%	59.29	21	$375,828	35	$87,934	"""0"""	1	"""Based on the given information, the individual has a stable employment history with 10 years of experience as a service technician. Their annual income of $50,000 suggests a reasonable ability to make loan payments."""	"""Based on the given information, the individual's debt-to-income ratio is 59.29%, which suggests a significant portion of their income is already allocated towards debt payments. Additionally, the loan purpose being debt consolidation indicates that they may already have existing debt obligations."""	"""1"""	"""5"""	"""confirm"""										https://platform.toloka.ai/task/39715421/00025e025d--648ede71ad1f8e1e8e308922	00025e025d--648e3712b555695101d6f00e	00025e025d--648ede71ad1f8e1e8e308922	36833a7957de8617cb2d4a1228ea078c	APPROVED	2023-06-18T10:37:37.092
		Counselor	AI	Human	**Low**	**High**	2 years	$7,000	Based on the provided information, the individual's employment as a counselor suggests a **stable profession** with a regular income source. With an **annual income of $83,000** and a debt-to-income ratio of 10.57%, the borrower seems to have a **healthy financial standing**. Furthermore, the loan amount of $7,000 is** relatively small** compared to the individual's income and credit lines. These factors, along with a **good credit history** indicated by a low total credit utilization rate of 8.65%, contribute to a **high likelihood of repayment**.	Based on the provided information, there are a few factors that raise **concerns** regarding the individual's ability to repay the loan. While the annual income of $83,000 is relatively decent, the **debt-to-income ratio of 10.57%** suggests a moderate level of existing debt. Additionally, the individual's **employment length of 2 years** might be considered relatively short, which could indicate a potential **lack of job stability**. The relatively **high total credit utilized at $18,170**, compared to a total credit limit of $210,025, suggests a higher utilization rate. These factors collectively contribute to a higher level of risk.	Medical	$83,000	6.71%	10.57	5	$210,025	30	$18,170	"""0"""	0	"""healthy financial standing"""	"""healthy financial standing"""	"""4"""	"""4"""	"""confirm"""										https://platform.toloka.ai/task/39715421/00025e025d--648edea8eab89e4159abf1bd	00025e025d--648e3712b555695101d6f010	00025e025d--648edea8eab89e4159abf1bd	be85f2928df1008813594edfa4b5fda2	APPROVED	2023-06-18T10:38:32.073
		Project manager	AI	Human	**Low**	**High**	7 years	$30,000	Based on the given information, the person holds a **stable employment position** as a project manager, indicating a **steady income source**. With an annual income of $64,000, the borrower's earnings appear to be **sufficient to cover the loan repayment**. While the loan purpose is for credit card debt, the loan amount of $30,000 does **not exceed the borrower's annual income significantly**. The interest rate of 9.93% is **relatively moderate**, further suggesting the borrower's financial stability. These factors collectively **support a favorable probability** of the person being able to repay the loan.	Based on the provided information, I would assign a **low propbability** of this person being able to **repay** the loan. Although the borrower holds the position of a project manager, their annual income of $64,000 may be **insufficient to comfortably handle** a loan amount of $30,000. Furthermore, the **interest rate of 9.93% is relatively high**, increasing the overall cost of borrowing. Given the loan purpose being **credit card debt**, it suggests a potential history of **financial mismanagement**. These factors raise concerns about the borrower's ability to meet their loan obligations, resulting in a lower probability of successful repayment.	Credit card	$64,000	9.93%	36.49	14	$434,447	37	$150,679	"""0"""	0	"""With an annual income of $64,000, the borrower's earnings appear to be sufficient to cover the loan repayment. """	"""With an annual income of $64,000, the borrower's earnings appear to be sufficient to cover the loan repayment. """	"""4"""	"""4"""	"""confirm"""										https://platform.toloka.ai/task/39715421/00025e025d--648eded91b85d236d9f4bea1	00025e025d--648e3712b555695101d6f018	00025e025d--648eded91b85d236d9f4bea1	e080c4550f2194cd28040d3a0bd7066b	APPROVED	2023-06-18T10:39:21.068
		Project manager	AI	Human	**Low**	**High**	7 years	$30,000	Based on the given information, the person holds a **stable employment position** as a project manager, indicating a **steady income source**. With an annual income of $64,000, the borrower's earnings appear to be **sufficient to cover the loan repayment**. While the loan purpose is for credit card debt, the loan amount of $30,000 does **not exceed the borrower's annual income significantly**. The interest rate of 9.93% is **relatively moderate**, further suggesting the borrower's financial stability. These factors collectively **support a favorable probability** of the person being able to repay the loan.	Based on the provided information, I would assign a **low propbability** of this person being able to **repay** the loan. Although the borrower holds the position of a project manager, their annual income of $64,000 may be **insufficient to comfortably handle** a loan amount of $30,000. Furthermore, the **interest rate of 9.93% is relatively high**, increasing the overall cost of borrowing. Given the loan purpose being **credit card debt**, it suggests a potential history of **financial mismanagement**. These factors raise concerns about the borrower's ability to meet their loan obligations, resulting in a lower probability of successful repayment.	Credit card	$64,000	9.93%	36.49	14	$434,447	37	$150,679	"""1"""	1	"""interest rate of 9.93% is relatively high,"""	"""interest rate of 9.93% is relatively high"""	"""5"""	"""6"""	"""confirm"""										https://platform.toloka.ai/task/39715421/00025e025d--648edf4c6363e5730cb841cd	00025e025d--648e3712b555695101d6f018	00025e025d--648edf4c6363e5730cb841cd	3bff8ff247b183747777b1650b6fb6e5	APPROVED	2023-06-18T10:41:16.663
		Medical assistant	Human	AI	**Low**	**High**	4 years	$20,000	Based on the provided information, I would indicate a **moderate probability** of this person being able to repay the loan. Although the **annual income** of $35,000 is **relatively low**, the requested **loan amount of $20,000 is less than half of the annual income**, which suggests a reasonable borrowing amount. While the interest rate of 20% is high, the borrower's four years of employment and eight total credit lines **indicate some stability and creditworthiness**. Furthermore, the debt-to-income ratio of 24.7% is **relatively manageable**, and although the credit utilization rate of 73.6% is high, the borrower still has access to a significant portion of their total credit limit.	Based on the provided information, I would indicate a **lower probability** of this person being able to **repay** the loan. The individual's annual income of $35,000 is **relatively low** compared to the requested loan amount of $20,000. Additionally, the **high interest rate** of 20% suggests a higher cost of borrowing, making it more **challenging for the borrower** to manage repayment. The **debt-to-income ratio** of 24.7% indicates a **significant portion of the borrower's income** is already allocated towards debt obligations. These factors, combined with a **relatively high credit utilization** rate of 73.6% (total credit utilized divided by total credit limit), suggest a **higher risk** of potential financial strain and difficulty in meeting loan repayment obligations.	House	$35,000	20%	24.7	7	$49,097	8	$36,219	"""0"""	0	"""While the interest rate of 20% is high, the borrower's four years of employment and eight total credit lines indicate some stability and creditworthiness."""	"""While the interest rate of 20% is high, the borrower's four years of employment and eight total credit lines indicate some stability and creditworthiness."""	"""6"""		"""confirm"""										https://platform.toloka.ai/task/39715421/00025e025d--648ee0d6d2237e38d7cbaa72	00025e025d--648e3712b555695101d6f016	00025e025d--648ee0d6d2237e38d7cbaa72	5a168bc26679ef88267ebf61b855b645	APPROVED	2023-06-18T10:47:50.641
