INPUT:image_a	INPUT:image_b	INPUT:emp_title	INPUT:profile_1	INPUT:profile_2	INPUT:decision_1	INPUT:decision_2	INPUT:emp_length	INPUT:loan_amount	INPUT:rationale_1	INPUT:rationale_2	INPUT:loan_purpose	INPUT:annual_income	INPUT:interest_rate	INPUT:debt_to_income	INPUT:open_credit_lines	INPUT:total_credit_limit	INPUT:total_credit_lines	INPUT:total_credit_utilized	OUTPUT:answer1	OUTPUT:excerpt1	OUTPUT:confidence1	OUTPUT:confirmation	GOLDEN:answer1	GOLDEN:excerpt1	GOLDEN:confidence1	GOLDEN:confirmation	HINT:text	HINT:default_language	ASSIGNMENT:link	ASSIGNMENT:task_id	ASSIGNMENT:assignment_id	ASSIGNMENT:worker_id	ASSIGNMENT:status	ASSIGNMENT:started
		Medical assistant	Human	AI	**Low**	**High**	4 years	$20,000	Based on the provided information, I would indicate a **moderate probability** of this person being able to repay the loan. Although the **annual income** of $35,000 is **relatively low**, the requested **loan amount of $20,000 is less than half of the annual income**, which suggests a reasonable borrowing amount. While the interest rate of 20% is high, the borrower's four years of employment and eight total credit lines **indicate some stability and creditworthiness**. Furthermore, the debt-to-income ratio of 24.7% is **relatively manageable**, and although the credit utilization rate of 73.6% is high, the borrower still has access to a significant portion of their total credit limit.	Based on the provided information, I would indicate a **lower probability** of this person being able to **repay** the loan. The individual's annual income of $35,000 is **relatively low** compared to the requested loan amount of $20,000. Additionally, the **high interest rate** of 20% suggests a higher cost of borrowing, making it more **challenging for the borrower** to manage repayment. The **debt-to-income ratio** of 24.7% indicates a **significant portion of the borrower's income** is already allocated towards debt obligations. These factors, combined with a **relatively high credit utilization** rate of 73.6% (total credit utilized divided by total credit limit), suggest a **higher risk** of potential financial strain and difficulty in meeting loan repayment obligations.	House	$35,000	20%	24.7	7	$49,097	8	$36,219	"""1"""	"""I would indicate a moderate probability of this person being able to repay the loan. Although the annual income of $35,000 is relatively low"""	"""1"""								https://platform.toloka.ai/task/39715431/00025e0267--648ede2758db6d22ce82fded	00025e0267--648e374408b5135b66d5438f	00025e0267--648ede2758db6d22ce82fded	3fbc92ff6b5af62c3b953c5d807f16ae	APPROVED	2023-06-18T10:36:23.498
		Assistant district attorney	Human	AI	**Low**	**High**	2 years	$13,600	Based on the provided information, I would assign a **high probability of the ability to repay the loan**. While the loan amount of $13,600 is significant compared to the annual income of $62,000, the individual's employment as an assistant district attorney suggests a stable and relatively **secure job**. Although the interest rate of 19.03% is relatively high, it does **not necessarily indicate an inability to repay**. The loan purpose of debt consolidation could indicate a **responsible approach to managing financial obligations**. Considering these factors, I believe there is a reasonable probability of this person being able to repay the loan.	Based on the provided information, I would indicate a relatively **low probability** of this person being able to repay the loan. The annual income of $62,000 suggests a **moderate income level**, but the loan amount of $13,600 is **significant relative to the income**. Additionally, the **high interest rate** of 19.03% suggests a **higher risk** for defaulting on the loan. The purpose of the loan, **debt consolidation**, implies existing **financial obligations**, further increasing the borrower's financial strain. Combined, these factors contribute to a **lower probability of repayment **.	Debt consolidation	$62,000	19.03%	24.46	16	$306,048	44	$283,750	"""1"""	"""yes"""	"""1"""								https://platform.toloka.ai/task/39715431/00025e0267--648ede33d7c375249d27ae68	00025e0267--648e374408b5135b66d54395	00025e0267--648ede33d7c375249d27ae68	29b2487ad9827df799cb02ec0bff1358	APPROVED	2023-06-18T10:36:35.995
		Driver	Human	AI	**Low**	**High**	10 years	$20,000	Considering the provided information, there are several factors that contribute to a more **positive assessment** of the borrower's ability to repay the loan. Despite the borrower's annual income of $27,000, they have been employed as a driver for 10 years, indicating **stability and a consistent income source**. Although the interest rate of 21.45% is relatively high, the borrower's debt-to-income ratio of 5.11 suggests a **manageable level of debt**. Additionally, the borrower has a relatively low number of total credit lines, but their credit utilization of 66% indicates a **responsible utilization of available credit**. These factors collectively suggest a **low risk**, implying a **good probability of repayment**.	Based on the provided information, several factors contribute to the assessment of the borrower's ability to repay the loan. Firstly, the borrower's annual income of $27,000 is **relatively low** compared to the loan amount of $20,000, indicating potential **financial strain**. Secondly, the **interest rate of 21.45% is relatively high**, which increases the overall cost of borrowing. Additionally, the borrower's debt-to-income ratio of 5.11 suggests a relatively **high level of existing debt** compared to their income. Lastly, the borrower has a limited credit history with **only one open credit line** and a significant portion of their available credit already utilized. These factors collectively indicate a **higher risk** and imply a **lower probability of repayment**.	House	$27,000	21.45%	5.11	1	$5,300	5	$3,501	"""0"""	"""Although the interest rate of 21.45% is relatively high, the borrower's debt-to-income ratio of 5.11 suggests a manageable level of debt. Additionally, the borrower has a relatively low number of total credit lines, but their credit utilization of 66% indicates a responsible utilization of available credit. """	"""4"""								https://platform.toloka.ai/task/39715431/00025e0267--648ede37d656784c326ef578	00025e0267--648e374408b5135b66d5438a	00025e0267--648ede37d656784c326ef578	91a2786f8bb9c9055a2762fcc87356c9	APPROVED	2023-06-18T10:36:39.095
		Operational risk manager	AI	Human	**Low**	**High**	10 years	$5,000	Based on the provided loan data profile, the individual has a **stable employment history** as an operational risk manager for 10 years, indicating a reliable and **consistent source of income**. Their annual income of $210,000 demonstrates a **high earning capacity**, increasing the likelihood of timely loan repayments. With a debt-to-income ratio of 9.53, the individual's current debt obligations are **relatively low compared to their income**, indicating a **manageable financial situation**. Furthermore, the loan amount of $5,000 is **relatively small compared to their total credit limit of $322,046**, suggesting that the individual has a **strong credit profile** and is capable of managing their existing credit lines effectively. Considering these factors, the person is **expected to pay the loan on time**.	The high debt-to-income ratio of 9.53 suggests that they already have **significant debt obligations relative to their income**. Additionally, a total credit utilization of $73,705 out of a total credit limit of $322,046 indicates a **substantial amount of their available credit is already being utilized**. Furthermore, the **relatively high interest rate** of 26.77% on the loan amount of $5,000 may result in **increased monthly payments that could strain their financial situation**. Considering these factors, there is a possibility that the person may **face challenges** in paying off the loan.	Medical	$210,000	26.77%	9.53	7	$322,046	18	$73,705	"""0"""	"""1"""	"""5"""								https://platform.toloka.ai/task/39715431/00025e0267--648ede399da3f310a1349878	00025e0267--648e374408b5135b66d54398	00025e0267--648ede399da3f310a1349878	da337ee5d5a9d8707f9094406b0744e4	APPROVED	2023-06-18T10:36:41.619
		Assistant district attorney	Human	AI	**Low**	**High**	2 years	$13,600	Based on the provided information, I would assign a **high probability of the ability to repay the loan**. While the loan amount of $13,600 is significant compared to the annual income of $62,000, the individual's employment as an assistant district attorney suggests a stable and relatively **secure job**. Although the interest rate of 19.03% is relatively high, it does **not necessarily indicate an inability to repay**. The loan purpose of debt consolidation could indicate a **responsible approach to managing financial obligations**. Considering these factors, I believe there is a reasonable probability of this person being able to repay the loan.	Based on the provided information, I would indicate a relatively **low probability** of this person being able to repay the loan. The annual income of $62,000 suggests a **moderate income level**, but the loan amount of $13,600 is **significant relative to the income**. Additionally, the **high interest rate** of 19.03% suggests a **higher risk** for defaulting on the loan. The purpose of the loan, **debt consolidation**, implies existing **financial obligations**, further increasing the borrower's financial strain. Combined, these factors contribute to a **lower probability of repayment **.	Debt consolidation	$62,000	19.03%	24.46	16	$306,048	44	$283,750	"""0"""	""" """	"""6"""								https://platform.toloka.ai/task/39715431/00025e0267--648ede39d2237e38d7cb72fb	00025e0267--648e374408b5135b66d54395	00025e0267--648ede39d2237e38d7cb72fb	9491dee9d2aa1cfe19982d1d8829d3fd	APPROVED	2023-06-18T10:36:41.215
		Driver	Human	AI	**Low**	**High**	10 years	$20,000	Considering the provided information, there are several factors that contribute to a more **positive assessment** of the borrower's ability to repay the loan. Despite the borrower's annual income of $27,000, they have been employed as a driver for 10 years, indicating **stability and a consistent income source**. Although the interest rate of 21.45% is relatively high, the borrower's debt-to-income ratio of 5.11 suggests a **manageable level of debt**. Additionally, the borrower has a relatively low number of total credit lines, but their credit utilization of 66% indicates a **responsible utilization of available credit**. These factors collectively suggest a **low risk**, implying a **good probability of repayment**.	Based on the provided information, several factors contribute to the assessment of the borrower's ability to repay the loan. Firstly, the borrower's annual income of $27,000 is **relatively low** compared to the loan amount of $20,000, indicating potential **financial strain**. Secondly, the **interest rate of 21.45% is relatively high**, which increases the overall cost of borrowing. Additionally, the borrower's debt-to-income ratio of 5.11 suggests a relatively **high level of existing debt** compared to their income. Lastly, the borrower has a limited credit history with **only one open credit line** and a significant portion of their available credit already utilized. These factors collectively indicate a **higher risk** and imply a **lower probability of repayment**.	House	$27,000	21.45%	5.11	1	$5,300	5	$3,501	"""1"""	"""Firstly, the borrower's annual income of $27,000 is relatively low compared to the loan amount of $20,000, indicating potential financial strain. Secondly, the interest rate of 21.45% is relatively high, which increases the overall cost of borrowing."""	"""6"""								https://platform.toloka.ai/task/39715431/00025e0267--648ede3a1b85d236d9f4a190	00025e0267--648e374408b5135b66d5438a	00025e0267--648ede3a1b85d236d9f4a190	ebd7e042ca5c5ba4becf5394463bda8d	APPROVED	2023-06-18T10:36:42.570
		Driver	Human	AI	**Low**	**High**	10 years	$20,000	Considering the provided information, there are several factors that contribute to a more **positive assessment** of the borrower's ability to repay the loan. Despite the borrower's annual income of $27,000, they have been employed as a driver for 10 years, indicating **stability and a consistent income source**. Although the interest rate of 21.45% is relatively high, the borrower's debt-to-income ratio of 5.11 suggests a **manageable level of debt**. Additionally, the borrower has a relatively low number of total credit lines, but their credit utilization of 66% indicates a **responsible utilization of available credit**. These factors collectively suggest a **low risk**, implying a **good probability of repayment**.	Based on the provided information, several factors contribute to the assessment of the borrower's ability to repay the loan. Firstly, the borrower's annual income of $27,000 is **relatively low** compared to the loan amount of $20,000, indicating potential **financial strain**. Secondly, the **interest rate of 21.45% is relatively high**, which increases the overall cost of borrowing. Additionally, the borrower's debt-to-income ratio of 5.11 suggests a relatively **high level of existing debt** compared to their income. Lastly, the borrower has a limited credit history with **only one open credit line** and a significant portion of their available credit already utilized. These factors collectively indicate a **higher risk** and imply a **lower probability of repayment**.	House	$27,000	21.45%	5.11	1	$5,300	5	$3,501	"""1"""	"""Based on the provided information, several factors contribute to the assessment of the borrower's ability to repay the loan."""	"""6"""								https://platform.toloka.ai/task/39715431/00025e0267--648ede3a79f1853cf19e42b0	00025e0267--648e374408b5135b66d5438a	00025e0267--648ede3a79f1853cf19e42b0	dd46b673a25963ad9e0cf150dc4e2391	APPROVED	2023-06-18T10:36:42.815
		Medical assistant	Human	AI	**Low**	**High**	4 years	$20,000	Based on the provided information, I would indicate a **moderate probability** of this person being able to repay the loan. Although the **annual income** of $35,000 is **relatively low**, the requested **loan amount of $20,000 is less than half of the annual income**, which suggests a reasonable borrowing amount. While the interest rate of 20% is high, the borrower's four years of employment and eight total credit lines **indicate some stability and creditworthiness**. Furthermore, the debt-to-income ratio of 24.7% is **relatively manageable**, and although the credit utilization rate of 73.6% is high, the borrower still has access to a significant portion of their total credit limit.	Based on the provided information, I would indicate a **lower probability** of this person being able to **repay** the loan. The individual's annual income of $35,000 is **relatively low** compared to the requested loan amount of $20,000. Additionally, the **high interest rate** of 20% suggests a higher cost of borrowing, making it more **challenging for the borrower** to manage repayment. The **debt-to-income ratio** of 24.7% indicates a **significant portion of the borrower's income** is already allocated towards debt obligations. These factors, combined with a **relatively high credit utilization** rate of 73.6% (total credit utilized divided by total credit limit), suggest a **higher risk** of potential financial strain and difficulty in meeting loan repayment obligations.	House	$35,000	20%	24.7	7	$49,097	8	$36,219	"""0"""	""" I would indicate a moderate probability of this person being able to repay the loan."""	"""5"""								https://platform.toloka.ai/task/39715431/00025e0267--648ede3fd2237e38d7cb73fb	00025e0267--648e374408b5135b66d5438f	00025e0267--648ede3fd2237e38d7cb73fb	8bdd49f1a752d4772cdd246852c77223	APPROVED	2023-06-18T10:36:47.789
		Claims adjudicator	Human	AI	**Low**	**High**	10 years	$16,000	Based on the given information, the individual's employment as **a claims adjudicator** indicates a **stable and secure job** with a tenure of 10 years. With an **annual income of $40,000**, their debt-to-income ratio of 19.44% suggests a reasonable level of **financial stability**. Additionally, the individual has a total of 26 credit lines and is **utilizing only 45% of their total credit limit**, which indicates **responsible credit management**. Taking these factors into account, the individual demonstrates **a strong likelihood of being able to repay the loan**.	Based on the provided information, the individual's employment title as a claims adjudicator suggests stable employment. **However**, their annual income of **$40,000 is relatively low compared to the loan amount of $16,000**, resulting in a **high debt-to-income ratio of 19.44%**. Additionally, the **interest rate of 25.82%** indicates a higher risk of repayment difficulty. Considering these factors, it would indicatea higher likelihood of **not being able to repay** the loan successfully.	Debt consolidation	$40,000	25.82%	19.44	13	$38,688	26	$17,445	"""0"""	"""With an annual income of $40,000, their debt-to-income ratio of 19.44% suggests a reasonable level of financial stability"""	"""5"""								https://platform.toloka.ai/task/39715431/00025e0267--648ede42eab89e4159abe3a3	00025e0267--648e374408b5135b66d54383	00025e0267--648ede42eab89e4159abe3a3	c32ed7a0904dc57449bd4a2a61d69e4b	APPROVED	2023-06-18T10:36:50.428
		Project manager	AI	Human	**Low**	**High**	7 years	$30,000	Based on the given information, the person holds a **stable employment position** as a project manager, indicating a **steady income source**. With an annual income of $64,000, the borrower's earnings appear to be **sufficient to cover the loan repayment**. While the loan purpose is for credit card debt, the loan amount of $30,000 does **not exceed the borrower's annual income significantly**. The interest rate of 9.93% is **relatively moderate**, further suggesting the borrower's financial stability. These factors collectively **support a favorable probability** of the person being able to repay the loan.	Based on the provided information, I would assign a **low propbability** of this person being able to **repay** the loan. Although the borrower holds the position of a project manager, their annual income of $64,000 may be **insufficient to comfortably handle** a loan amount of $30,000. Furthermore, the **interest rate of 9.93% is relatively high**, increasing the overall cost of borrowing. Given the loan purpose being **credit card debt**, it suggests a potential history of **financial mismanagement**. These factors raise concerns about the borrower's ability to meet their loan obligations, resulting in a lower probability of successful repayment.	Credit card	$64,000	9.93%	36.49	14	$434,447	37	$150,679	"""0"""	""" the borrower's earnings appear to be sufficient to cover the loan repayment. While the loan purpose is for credit card debt, the loan amount of $30,000 does not exceed the borrower's annual income significantly. The interest rate """	"""5"""								https://platform.toloka.ai/task/39715431/00025e0267--648ede43217519212383a32c	00025e0267--648e374408b5135b66d54392	00025e0267--648ede43217519212383a32c	ffdea5ab195189149c33f0dfad983307	APPROVED	2023-06-18T10:36:51.212
		Operational risk manager	AI	Human	**Low**	**High**	10 years	$5,000	Based on the provided loan data profile, the individual has a **stable employment history** as an operational risk manager for 10 years, indicating a reliable and **consistent source of income**. Their annual income of $210,000 demonstrates a **high earning capacity**, increasing the likelihood of timely loan repayments. With a debt-to-income ratio of 9.53, the individual's current debt obligations are **relatively low compared to their income**, indicating a **manageable financial situation**. Furthermore, the loan amount of $5,000 is **relatively small compared to their total credit limit of $322,046**, suggesting that the individual has a **strong credit profile** and is capable of managing their existing credit lines effectively. Considering these factors, the person is **expected to pay the loan on time**.	The high debt-to-income ratio of 9.53 suggests that they already have **significant debt obligations relative to their income**. Additionally, a total credit utilization of $73,705 out of a total credit limit of $322,046 indicates a **substantial amount of their available credit is already being utilized**. Furthermore, the **relatively high interest rate** of 26.77% on the loan amount of $5,000 may result in **increased monthly payments that could strain their financial situation**. Considering these factors, there is a possibility that the person may **face challenges** in paying off the loan.	Medical	$210,000	26.77%	9.53	7	$322,046	18	$73,705	"""1"""	"""Has employment, but high debt and many Credit. """	"""4"""								https://platform.toloka.ai/task/39715431/00025e0267--648ede46eab89e4159abe474	00025e0267--648e374408b5135b66d54398	00025e0267--648ede46eab89e4159abe474	eb62744d3cae155576936a9928a55b53	APPROVED	2023-06-18T10:36:54.859
		Operational risk manager	AI	Human	**Low**	**High**	10 years	$5,000	Based on the provided loan data profile, the individual has a **stable employment history** as an operational risk manager for 10 years, indicating a reliable and **consistent source of income**. Their annual income of $210,000 demonstrates a **high earning capacity**, increasing the likelihood of timely loan repayments. With a debt-to-income ratio of 9.53, the individual's current debt obligations are **relatively low compared to their income**, indicating a **manageable financial situation**. Furthermore, the loan amount of $5,000 is **relatively small compared to their total credit limit of $322,046**, suggesting that the individual has a **strong credit profile** and is capable of managing their existing credit lines effectively. Considering these factors, the person is **expected to pay the loan on time**.	The high debt-to-income ratio of 9.53 suggests that they already have **significant debt obligations relative to their income**. Additionally, a total credit utilization of $73,705 out of a total credit limit of $322,046 indicates a **substantial amount of their available credit is already being utilized**. Furthermore, the **relatively high interest rate** of 26.77% on the loan amount of $5,000 may result in **increased monthly payments that could strain their financial situation**. Considering these factors, there is a possibility that the person may **face challenges** in paying off the loan.	Medical	$210,000	26.77%	9.53	7	$322,046	18	$73,705	"""1"""	"""сильный риск"""	"""5"""								https://platform.toloka.ai/task/39715431/00025e0267--648ede47d7c375249d27b141	00025e0267--648e374408b5135b66d54398	00025e0267--648ede47d7c375249d27b141	4ffe80af8fc4a2bc48c72e9ad63ecee3	APPROVED	2023-06-18T10:36:55.696
		Project manager	AI	Human	**Low**	**High**	7 years	$30,000	Based on the given information, the person holds a **stable employment position** as a project manager, indicating a **steady income source**. With an annual income of $64,000, the borrower's earnings appear to be **sufficient to cover the loan repayment**. While the loan purpose is for credit card debt, the loan amount of $30,000 does **not exceed the borrower's annual income significantly**. The interest rate of 9.93% is **relatively moderate**, further suggesting the borrower's financial stability. These factors collectively **support a favorable probability** of the person being able to repay the loan.	Based on the provided information, I would assign a **low propbability** of this person being able to **repay** the loan. Although the borrower holds the position of a project manager, their annual income of $64,000 may be **insufficient to comfortably handle** a loan amount of $30,000. Furthermore, the **interest rate of 9.93% is relatively high**, increasing the overall cost of borrowing. Given the loan purpose being **credit card debt**, it suggests a potential history of **financial mismanagement**. These factors raise concerns about the borrower's ability to meet their loan obligations, resulting in a lower probability of successful repayment.	Credit card	$64,000	9.93%	36.49	14	$434,447	37	$150,679	"""0"""	"""sufficient to cover the loan repayment"""	"""4"""								https://platform.toloka.ai/task/39715431/00025e0267--648ede48245d52430e5fbc20	00025e0267--648e374408b5135b66d54392	00025e0267--648ede48245d52430e5fbc20	5e0d15a9f26e60a4be169efa80f91ad3	APPROVED	2023-06-18T10:36:56.701
		Medical assistant	Human	AI	**Low**	**High**	4 years	$20,000	Based on the provided information, I would indicate a **moderate probability** of this person being able to repay the loan. Although the **annual income** of $35,000 is **relatively low**, the requested **loan amount of $20,000 is less than half of the annual income**, which suggests a reasonable borrowing amount. While the interest rate of 20% is high, the borrower's four years of employment and eight total credit lines **indicate some stability and creditworthiness**. Furthermore, the debt-to-income ratio of 24.7% is **relatively manageable**, and although the credit utilization rate of 73.6% is high, the borrower still has access to a significant portion of their total credit limit.	Based on the provided information, I would indicate a **lower probability** of this person being able to **repay** the loan. The individual's annual income of $35,000 is **relatively low** compared to the requested loan amount of $20,000. Additionally, the **high interest rate** of 20% suggests a higher cost of borrowing, making it more **challenging for the borrower** to manage repayment. The **debt-to-income ratio** of 24.7% indicates a **significant portion of the borrower's income** is already allocated towards debt obligations. These factors, combined with a **relatively high credit utilization** rate of 73.6% (total credit utilized divided by total credit limit), suggest a **higher risk** of potential financial strain and difficulty in meeting loan repayment obligations.	House	$35,000	20%	24.7	7	$49,097	8	$36,219	"""0"""	"""2"""	"""6"""								https://platform.toloka.ai/task/39715431/00025e0267--648ede4858db6d22ce8303a0	00025e0267--648e374408b5135b66d5438f	00025e0267--648ede4858db6d22ce8303a0	da337ee5d5a9d8707f9094406b0744e4	APPROVED	2023-06-18T10:36:56.712
		General manager	Human	AI	**Low**	**High**	10 years	$35,000	The general manager's high annual income of **$280,000 and the ten years of employment length** demonstrate a stable and well-established financial situation. With a debt-to-income ratio of 13.27%, indicating a **low level of debt compared to income**, and a moderate credit utilization ratio of 43.65%, this person appears to have **good financial management skills**. The individual's total credit lines of 14 and open credit lines of 8 further demonstrate a **responsible approach to credit**. Overall, based on these factors, it is **highly likely** that this person would be able to **repay the loan**.	Upon evaluation of the provided information, several factors raise concerns about the person's ability to repay the loan. These factors include existing **debt consolidation**, a loan **amount of $35,000**, and a **high interest rate of 22.9%**. Additionally, the individual's total credit utilized amounting to **$192,017**, combined with numerous credit lines and **limited available credit**, suggests potential **financial strain** and difficulty in managing additional debt. Considering these aspects, there is a heightened likelihood that the person may encounter **challenges repaying the loan**.	Debt consolidation	$280,000	22.90%	13.27	8	$440,499	14	$192,017	"""0"""	"""Upon evaluation of the provided information, several factors raise concerns about the person's ability to repay the loan.These factors include existing debt consolidation, a loan amount of $35,000, and a high interest rate of 22.9%."""	"""5"""								https://platform.toloka.ai/task/39715431/00025e0267--648ede48ce8f6852fb585c55	00025e0267--648e374408b5135b66d5438d	00025e0267--648ede48ce8f6852fb585c55	a0bfe631db528f0664ecacc186b57124	APPROVED	2023-06-18T10:36:56.714
		General manager	Human	AI	**Low**	**High**	10 years	$35,000	The general manager's high annual income of **$280,000 and the ten years of employment length** demonstrate a stable and well-established financial situation. With a debt-to-income ratio of 13.27%, indicating a **low level of debt compared to income**, and a moderate credit utilization ratio of 43.65%, this person appears to have **good financial management skills**. The individual's total credit lines of 14 and open credit lines of 8 further demonstrate a **responsible approach to credit**. Overall, based on these factors, it is **highly likely** that this person would be able to **repay the loan**.	Upon evaluation of the provided information, several factors raise concerns about the person's ability to repay the loan. These factors include existing **debt consolidation**, a loan **amount of $35,000**, and a **high interest rate of 22.9%**. Additionally, the individual's total credit utilized amounting to **$192,017**, combined with numerous credit lines and **limited available credit**, suggests potential **financial strain** and difficulty in managing additional debt. Considering these aspects, there is a heightened likelihood that the person may encounter **challenges repaying the loan**.	Debt consolidation	$280,000	22.90%	13.27	8	$440,499	14	$192,017	"""1"""	"""The general manager's high annual income of $280,000 and the ten years of employment length demonstrate a stable and well-established financial situation."""	"""5"""								https://platform.toloka.ai/task/39715431/00025e0267--648ede4d1da0c520ee43699e	00025e0267--648e374408b5135b66d5438d	00025e0267--648ede4d1da0c520ee43699e	ab7ef913566e19adbfbe51070582248f	APPROVED	2023-06-18T10:37:01.107
		Project manager	AI	Human	**Low**	**High**	7 years	$30,000	Based on the given information, the person holds a **stable employment position** as a project manager, indicating a **steady income source**. With an annual income of $64,000, the borrower's earnings appear to be **sufficient to cover the loan repayment**. While the loan purpose is for credit card debt, the loan amount of $30,000 does **not exceed the borrower's annual income significantly**. The interest rate of 9.93% is **relatively moderate**, further suggesting the borrower's financial stability. These factors collectively **support a favorable probability** of the person being able to repay the loan.	Based on the provided information, I would assign a **low propbability** of this person being able to **repay** the loan. Although the borrower holds the position of a project manager, their annual income of $64,000 may be **insufficient to comfortably handle** a loan amount of $30,000. Furthermore, the **interest rate of 9.93% is relatively high**, increasing the overall cost of borrowing. Given the loan purpose being **credit card debt**, it suggests a potential history of **financial mismanagement**. These factors raise concerns about the borrower's ability to meet their loan obligations, resulting in a lower probability of successful repayment.	Credit card	$64,000	9.93%	36.49	14	$434,447	37	$150,679	"""1"""	"""With an annual income of $64,000"""	"""4"""								https://platform.toloka.ai/task/39715431/00025e0267--648ede4deab89e4159abe5fb	00025e0267--648e374408b5135b66d54392	00025e0267--648ede4deab89e4159abe5fb	1e26a8e9c1354417b83bb49820505811	APPROVED	2023-06-18T10:37:01.753
		Claims adjudicator	Human	AI	**Low**	**High**	10 years	$16,000	Based on the given information, the individual's employment as **a claims adjudicator** indicates a **stable and secure job** with a tenure of 10 years. With an **annual income of $40,000**, their debt-to-income ratio of 19.44% suggests a reasonable level of **financial stability**. Additionally, the individual has a total of 26 credit lines and is **utilizing only 45% of their total credit limit**, which indicates **responsible credit management**. Taking these factors into account, the individual demonstrates **a strong likelihood of being able to repay the loan**.	Based on the provided information, the individual's employment title as a claims adjudicator suggests stable employment. **However**, their annual income of **$40,000 is relatively low compared to the loan amount of $16,000**, resulting in a **high debt-to-income ratio of 19.44%**. Additionally, the **interest rate of 25.82%** indicates a higher risk of repayment difficulty. Considering these factors, it would indicatea higher likelihood of **not being able to repay** the loan successfully.	Debt consolidation	$40,000	25.82%	19.44	13	$38,688	26	$17,445	"""0"""	"""Based on the provided information, the individual's employment title as a claims adjudicator suggests stable employment. However, their annual income of $40,000 is relatively low compared to the loan amount of $16,000, resulting in a high debt-to-income ratio of 19.44%. Additionally, the interest rate of 25.82% indicates a higher risk of repayment difficulty. Considering these factors, it would indicatea higher likelihood of not being able to repay the loan successfully."""	"""3"""								https://platform.toloka.ai/task/39715431/00025e0267--648ede50d2237e38d7cb755e	00025e0267--648e374408b5135b66d54383	00025e0267--648ede50d2237e38d7cb755e	d7b7f11ee70264bf8fd0d5dc7815d6ad	APPROVED	2023-06-18T10:37:04.790
		General manager	Human	AI	**Low**	**High**	10 years	$35,000	The general manager's high annual income of **$280,000 and the ten years of employment length** demonstrate a stable and well-established financial situation. With a debt-to-income ratio of 13.27%, indicating a **low level of debt compared to income**, and a moderate credit utilization ratio of 43.65%, this person appears to have **good financial management skills**. The individual's total credit lines of 14 and open credit lines of 8 further demonstrate a **responsible approach to credit**. Overall, based on these factors, it is **highly likely** that this person would be able to **repay the loan**.	Upon evaluation of the provided information, several factors raise concerns about the person's ability to repay the loan. These factors include existing **debt consolidation**, a loan **amount of $35,000**, and a **high interest rate of 22.9%**. Additionally, the individual's total credit utilized amounting to **$192,017**, combined with numerous credit lines and **limited available credit**, suggests potential **financial strain** and difficulty in managing additional debt. Considering these aspects, there is a heightened likelihood that the person may encounter **challenges repaying the loan**.	Debt consolidation	$280,000	22.90%	13.27	8	$440,499	14	$192,017	"""1"""	"""yes"""	"""1"""								https://platform.toloka.ai/task/39715431/00025e0267--648ede521da0c520ee436a54	00025e0267--648e374408b5135b66d5438d	00025e0267--648ede521da0c520ee436a54	29b2487ad9827df799cb02ec0bff1358	APPROVED	2023-06-18T10:37:06.818
		Service technician	Human	AI	**Low**	**High**	10 years	$40,000	Based on the given information, the individual has a **stable employment history** with 10 years of experience as a service technician. Their annual income of $50,000 suggests a **reasonable ability** to make loan payments. Although their debt-to-income ratio is relatively high at 59.29%, the loan purpose being debt consolidation indicates an intention to **manage their debts more efficiently**. Additionally, with a total of 35 credit lines and 21 open credit lines, the individual has a **substantial credit history**. While the total credit utilized is significant, it is important to note that the loan amount of **$40,000 is lower than their total credit limit**. Taking these factors into account, there is a **good probability** that the individual will be able to repay the loan.	Based on the given information, the individual's **debt-to-income ratio is 59.29%**, which suggests a significant portion of their income is already allocated towards **debt payments**. Additionally, the loan purpose being debt consolidation indicates that they may **already have existing debt obligations**. Furthermore, the high interest rate of 20% indicates a higher risk for the lender. Lastly, the individual's total credit utilized is relatively high compared to their total credit limit, indicating a **potential strain on their available credit**. Considering these factors, it suggests a higher probability of **difficulty in repaying** the loan.	Debt consolidation	$50,000	20%	59.29	21	$375,828	35	$87,934	"""1"""	"""1"""	"""6"""								https://platform.toloka.ai/task/39715431/00025e0267--648ede5308b5135b66e82f86	00025e0267--648e374408b5135b66d54386	00025e0267--648ede5308b5135b66e82f86	da337ee5d5a9d8707f9094406b0744e4	APPROVED	2023-06-18T10:37:07.108
		Counselor	AI	Human	**Low**	**High**	2 years	$7,000	Based on the provided information, the individual's employment as a counselor suggests a **stable profession** with a regular income source. With an **annual income of $83,000** and a debt-to-income ratio of 10.57%, the borrower seems to have a **healthy financial standing**. Furthermore, the loan amount of $7,000 is** relatively small** compared to the individual's income and credit lines. These factors, along with a **good credit history** indicated by a low total credit utilization rate of 8.65%, contribute to a **high likelihood of repayment**.	Based on the provided information, there are a few factors that raise **concerns** regarding the individual's ability to repay the loan. While the annual income of $83,000 is relatively decent, the **debt-to-income ratio of 10.57%** suggests a moderate level of existing debt. Additionally, the individual's **employment length of 2 years** might be considered relatively short, which could indicate a potential **lack of job stability**. The relatively **high total credit utilized at $18,170**, compared to a total credit limit of $210,025, suggests a higher utilization rate. These factors collectively contribute to a higher level of risk.	Medical	$83,000	6.71%	10.57	5	$210,025	30	$18,170	"""1"""	"""сильный риск"""	"""5"""								https://platform.toloka.ai/task/39715431/00025e0267--648ede5430a157283b7e41bb	00025e0267--648e374408b5135b66d54388	00025e0267--648ede5430a157283b7e41bb	4ffe80af8fc4a2bc48c72e9ad63ecee3	APPROVED	2023-06-18T10:37:08.504
		Counselor	AI	Human	**Low**	**High**	2 years	$7,000	Based on the provided information, the individual's employment as a counselor suggests a **stable profession** with a regular income source. With an **annual income of $83,000** and a debt-to-income ratio of 10.57%, the borrower seems to have a **healthy financial standing**. Furthermore, the loan amount of $7,000 is** relatively small** compared to the individual's income and credit lines. These factors, along with a **good credit history** indicated by a low total credit utilization rate of 8.65%, contribute to a **high likelihood of repayment**.	Based on the provided information, there are a few factors that raise **concerns** regarding the individual's ability to repay the loan. While the annual income of $83,000 is relatively decent, the **debt-to-income ratio of 10.57%** suggests a moderate level of existing debt. Additionally, the individual's **employment length of 2 years** might be considered relatively short, which could indicate a potential **lack of job stability**. The relatively **high total credit utilized at $18,170**, compared to a total credit limit of $210,025, suggests a higher utilization rate. These factors collectively contribute to a higher level of risk.	Medical	$83,000	6.71%	10.57	5	$210,025	30	$18,170	"""1"""	"""These factors, along with a good credit history indicated by a low total credit utilization rate of 8.65%, contribute to a high likelihood of repayment."""	"""4"""								https://platform.toloka.ai/task/39715431/00025e0267--648ede55d2237e38d7cb75be	00025e0267--648e374408b5135b66d54388	00025e0267--648ede55d2237e38d7cb75be	ffdea5ab195189149c33f0dfad983307	APPROVED	2023-06-18T10:37:09.149
		Claims adjudicator	Human	AI	**Low**	**High**	10 years	$16,000	Based on the given information, the individual's employment as **a claims adjudicator** indicates a **stable and secure job** with a tenure of 10 years. With an **annual income of $40,000**, their debt-to-income ratio of 19.44% suggests a reasonable level of **financial stability**. Additionally, the individual has a total of 26 credit lines and is **utilizing only 45% of their total credit limit**, which indicates **responsible credit management**. Taking these factors into account, the individual demonstrates **a strong likelihood of being able to repay the loan**.	Based on the provided information, the individual's employment title as a claims adjudicator suggests stable employment. **However**, their annual income of **$40,000 is relatively low compared to the loan amount of $16,000**, resulting in a **high debt-to-income ratio of 19.44%**. Additionally, the **interest rate of 25.82%** indicates a higher risk of repayment difficulty. Considering these factors, it would indicatea higher likelihood of **not being able to repay** the loan successfully.	Debt consolidation	$40,000	25.82%	19.44	13	$38,688	26	$17,445	"""0"""	"""With an annual income of $40,000, their debt-to-income ratio of 19.44% suggests a reasonable level of financial stability. Additionally, the individual has a total of 26 credit lines and is utilizing only 45% of their total credit limit, which indicates responsible credit management. """	"""5"""								https://platform.toloka.ai/task/39715431/00025e0267--648ede591b85d236d9f4a5e3	00025e0267--648e374408b5135b66d54383	00025e0267--648ede591b85d236d9f4a5e3	cfc6988e2d8b5ef6d5dd11f5bfc8007c	APPROVED	2023-06-18T10:37:13.293
		Counselor	AI	Human	**Low**	**High**	2 years	$7,000	Based on the provided information, the individual's employment as a counselor suggests a **stable profession** with a regular income source. With an **annual income of $83,000** and a debt-to-income ratio of 10.57%, the borrower seems to have a **healthy financial standing**. Furthermore, the loan amount of $7,000 is** relatively small** compared to the individual's income and credit lines. These factors, along with a **good credit history** indicated by a low total credit utilization rate of 8.65%, contribute to a **high likelihood of repayment**.	Based on the provided information, there are a few factors that raise **concerns** regarding the individual's ability to repay the loan. While the annual income of $83,000 is relatively decent, the **debt-to-income ratio of 10.57%** suggests a moderate level of existing debt. Additionally, the individual's **employment length of 2 years** might be considered relatively short, which could indicate a potential **lack of job stability**. The relatively **high total credit utilized at $18,170**, compared to a total credit limit of $210,025, suggests a higher utilization rate. These factors collectively contribute to a higher level of risk.	Medical	$83,000	6.71%	10.57	5	$210,025	30	$18,170	"""0"""	"""Based on the provided information, several factors contribute to the assessment of the borrower's ability to repay the loan."""	"""5"""								https://platform.toloka.ai/task/39715431/00025e0267--648ede595a761439e30b39bd	00025e0267--648e374408b5135b66d54388	00025e0267--648ede595a761439e30b39bd	dd46b673a25963ad9e0cf150dc4e2391	APPROVED	2023-06-18T10:37:13.205
		Welder	Human	AI	**Low**	**High**	1 year	$20,000	Based on the provided loan data profile, the individual has an **annual income of $83,000** as a welder, indicating a **reasonable income level**. Although they have only been employed for 1 year, the consistent income stream suggests **potential stability in their job**. While the debt-to-income ratio is 18.44, which is relatively high, the fact that they are seeking a loan for debt consolidation suggests a **proactive approach to managing their finances**. Furthermore, with a loan amount of $20,000 and a total credit limit of $555,154, the individual has a **significant amount of available credit**, indicating their **ability to handle larger financial obligations**. Considering these factors, **the person is likely to pay the loan**, especially if they are utilizing it for debt consolidation to streamline their repayments.	Firstly, despite having an annual income of $83,000 as a welder, the **high debt-to-income ratio of 18.44** indicates a significant portion of their income is **already allocated towards existing debt obligations**. Additionally, with a total of 76 open credit lines out of 11 total credit lines, it suggests a **high level of credit utilization** and potential **difficulty in managing multiple credit accounts effectively**. Furthermore, the large number of open credit lines might indicate a **history of accumulating debt** or potentially relying heavily on credit. Lastly, the interest rate of 15.05% on the loan amount of $20,000 may result in **higher monthly payments**, which could **strain their financial situation** further. Considering these factors, there is a possibility that the person may **face difficulties** in repaying the loan.	Debt consolidation	$83,000	15.05%	18.44	6	$555,154	11	$39,482	"""1"""	"""1"""	"""2"""								https://platform.toloka.ai/task/39715431/00025e0267--648ede5b80636234aaaa4e69	00025e0267--648e374408b5135b66d5439a	00025e0267--648ede5b80636234aaaa4e69	a073136ebd8a7cf86c76ccbb56bff189	APPROVED	2023-06-18T10:37:15.270
		Service technician	Human	AI	**Low**	**High**	10 years	$40,000	Based on the given information, the individual has a **stable employment history** with 10 years of experience as a service technician. Their annual income of $50,000 suggests a **reasonable ability** to make loan payments. Although their debt-to-income ratio is relatively high at 59.29%, the loan purpose being debt consolidation indicates an intention to **manage their debts more efficiently**. Additionally, with a total of 35 credit lines and 21 open credit lines, the individual has a **substantial credit history**. While the total credit utilized is significant, it is important to note that the loan amount of **$40,000 is lower than their total credit limit**. Taking these factors into account, there is a **good probability** that the individual will be able to repay the loan.	Based on the given information, the individual's **debt-to-income ratio is 59.29%**, which suggests a significant portion of their income is already allocated towards **debt payments**. Additionally, the loan purpose being debt consolidation indicates that they may **already have existing debt obligations**. Furthermore, the high interest rate of 20% indicates a higher risk for the lender. Lastly, the individual's total credit utilized is relatively high compared to their total credit limit, indicating a **potential strain on their available credit**. Considering these factors, it suggests a higher probability of **difficulty in repaying** the loan.	Debt consolidation	$50,000	20%	59.29	21	$375,828	35	$87,934	"""1"""	"""Based on the given information, the individual's debt-to-income ratio is 59.29%, which suggests a significant portion of their income is already allocated towards debt payments. Additionally, the loan purpose being debt consolidation indicates that they may already have existing debt obligations. Furthermore, the high interest rate of 20% indicates a higher risk for the lender. Lastly, the individual's total credit utilized is relatively high compared to their total credit limit, indicating a potential strain on their available credit. Considering these factors, it suggests a higher probability of difficulty in repaying the loan."""	"""5"""								https://platform.toloka.ai/task/39715431/00025e0267--648ede5bd656784c326ef792	00025e0267--648e374408b5135b66d54386	00025e0267--648ede5bd656784c326ef792	d7b7f11ee70264bf8fd0d5dc7815d6ad	APPROVED	2023-06-18T10:37:15.766
		Welder	Human	AI	**Low**	**High**	1 year	$20,000	Based on the provided loan data profile, the individual has an **annual income of $83,000** as a welder, indicating a **reasonable income level**. Although they have only been employed for 1 year, the consistent income stream suggests **potential stability in their job**. While the debt-to-income ratio is 18.44, which is relatively high, the fact that they are seeking a loan for debt consolidation suggests a **proactive approach to managing their finances**. Furthermore, with a loan amount of $20,000 and a total credit limit of $555,154, the individual has a **significant amount of available credit**, indicating their **ability to handle larger financial obligations**. Considering these factors, **the person is likely to pay the loan**, especially if they are utilizing it for debt consolidation to streamline their repayments.	Firstly, despite having an annual income of $83,000 as a welder, the **high debt-to-income ratio of 18.44** indicates a significant portion of their income is **already allocated towards existing debt obligations**. Additionally, with a total of 76 open credit lines out of 11 total credit lines, it suggests a **high level of credit utilization** and potential **difficulty in managing multiple credit accounts effectively**. Furthermore, the large number of open credit lines might indicate a **history of accumulating debt** or potentially relying heavily on credit. Lastly, the interest rate of 15.05% on the loan amount of $20,000 may result in **higher monthly payments**, which could **strain their financial situation** further. Considering these factors, there is a possibility that the person may **face difficulties** in repaying the loan.	Debt consolidation	$83,000	15.05%	18.44	6	$555,154	11	$39,482	"""0"""	"""While the debt-to-income ratio is 18.44, which is relatively high, the fact that they are seeking a loan for debt consolidation suggests a proactive approach to managing their finances."""	"""5"""								https://platform.toloka.ai/task/39715431/00025e0267--648ede5c98d4fb06018b9585	00025e0267--648e374408b5135b66d5439a	00025e0267--648ede5c98d4fb06018b9585	51964b55a0bc4b944851867308a18478	APPROVED	2023-06-18T10:37:16.058
		Service technician	Human	AI	**Low**	**High**	10 years	$40,000	Based on the given information, the individual has a **stable employment history** with 10 years of experience as a service technician. Their annual income of $50,000 suggests a **reasonable ability** to make loan payments. Although their debt-to-income ratio is relatively high at 59.29%, the loan purpose being debt consolidation indicates an intention to **manage their debts more efficiently**. Additionally, with a total of 35 credit lines and 21 open credit lines, the individual has a **substantial credit history**. While the total credit utilized is significant, it is important to note that the loan amount of **$40,000 is lower than their total credit limit**. Taking these factors into account, there is a **good probability** that the individual will be able to repay the loan.	Based on the given information, the individual's **debt-to-income ratio is 59.29%**, which suggests a significant portion of their income is already allocated towards **debt payments**. Additionally, the loan purpose being debt consolidation indicates that they may **already have existing debt obligations**. Furthermore, the high interest rate of 20% indicates a higher risk for the lender. Lastly, the individual's total credit utilized is relatively high compared to their total credit limit, indicating a **potential strain on their available credit**. Considering these factors, it suggests a higher probability of **difficulty in repaying** the loan.	Debt consolidation	$50,000	20%	59.29	21	$375,828	35	$87,934	"""1"""	"""yes"""	"""1"""								https://platform.toloka.ai/task/39715431/00025e0267--648ede5dad1f8e1e8e307f46	00025e0267--648e374408b5135b66d54386	00025e0267--648ede5dad1f8e1e8e307f46	29b2487ad9827df799cb02ec0bff1358	APPROVED	2023-06-18T10:37:17.121
		Assistant district attorney	Human	AI	**Low**	**High**	2 years	$13,600	Based on the provided information, I would assign a **high probability of the ability to repay the loan**. While the loan amount of $13,600 is significant compared to the annual income of $62,000, the individual's employment as an assistant district attorney suggests a stable and relatively **secure job**. Although the interest rate of 19.03% is relatively high, it does **not necessarily indicate an inability to repay**. The loan purpose of debt consolidation could indicate a **responsible approach to managing financial obligations**. Considering these factors, I believe there is a reasonable probability of this person being able to repay the loan.	Based on the provided information, I would indicate a relatively **low probability** of this person being able to repay the loan. The annual income of $62,000 suggests a **moderate income level**, but the loan amount of $13,600 is **significant relative to the income**. Additionally, the **high interest rate** of 19.03% suggests a **higher risk** for defaulting on the loan. The purpose of the loan, **debt consolidation**, implies existing **financial obligations**, further increasing the borrower's financial strain. Combined, these factors contribute to a **lower probability of repayment **.	Debt consolidation	$62,000	19.03%	24.46	16	$306,048	44	$283,750	"""1"""	"""No"""	"""5"""								https://platform.toloka.ai/task/39715431/00025e0267--648edeb8a1af7c7d84bec822	00025e0267--648e374408b5135b66d54395	00025e0267--648edeb8a1af7c7d84bec822	0479e8042aa9717ce573cdef62d1b0e8	APPROVED	2023-06-18T10:38:48.008
		Welder	Human	AI	**Low**	**High**	1 year	$20,000	Based on the provided loan data profile, the individual has an **annual income of $83,000** as a welder, indicating a **reasonable income level**. Although they have only been employed for 1 year, the consistent income stream suggests **potential stability in their job**. While the debt-to-income ratio is 18.44, which is relatively high, the fact that they are seeking a loan for debt consolidation suggests a **proactive approach to managing their finances**. Furthermore, with a loan amount of $20,000 and a total credit limit of $555,154, the individual has a **significant amount of available credit**, indicating their **ability to handle larger financial obligations**. Considering these factors, **the person is likely to pay the loan**, especially if they are utilizing it for debt consolidation to streamline their repayments.	Firstly, despite having an annual income of $83,000 as a welder, the **high debt-to-income ratio of 18.44** indicates a significant portion of their income is **already allocated towards existing debt obligations**. Additionally, with a total of 76 open credit lines out of 11 total credit lines, it suggests a **high level of credit utilization** and potential **difficulty in managing multiple credit accounts effectively**. Furthermore, the large number of open credit lines might indicate a **history of accumulating debt** or potentially relying heavily on credit. Lastly, the interest rate of 15.05% on the loan amount of $20,000 may result in **higher monthly payments**, which could **strain their financial situation** further. Considering these factors, there is a possibility that the person may **face difficulties** in repaying the loan.	Debt consolidation	$83,000	15.05%	18.44	6	$555,154	11	$39,482	"""0"""	"""While the debt-to-income ratio is 18.44, which is relatively high, the fact that they are seeking a loan for debt consolidation suggests a proactive approach to managing their finances. Furthermore, with a loan amount of $20,000 and a total credit limit of $555,154, the individual has a significant amount of available credit, indicating their ability to handle larger financial obligations."""	"""5"""								https://platform.toloka.ai/task/39715431/00025e0267--648edf305a761439e30b6244	00025e0267--648e374408b5135b66d5439a	00025e0267--648edf305a761439e30b6244	91a2786f8bb9c9055a2762fcc87356c9	APPROVED	2023-06-18T10:40:48.926
