ASSIGNMENT:worker_id,INPUT:emp_title,OUTPUT:answer1,OUTPUT:confidence1,OUTPUT:excerpt1,ai_dec,agreement1,cw_acc1,ground_truth
f466e9cf524033b905c842eccc3019cf,Medical assistant,1.0,5.0,"""The debt-to-income ratio of 24.7% indicates a significant portion of the borrower's income is already allocated towards debt obligations. These factors, combined with a relatively high credit utilization rate of 73.6% (total credit utilized divided by total credit limit), suggest a higher risk of potential financial strain and difficulty in meeting loan repayment obligations.""",1,1.0,0.0,0.0
da88fed8770d41d80fbe28ffc35ccd62,Rehab manager,0.0,6.0,"""the debt-to-income ratio is high at 64.51, indicating a significant portion of their income  is allocated towards debt, the manageable loan amount of $12,050""",0,1.0,0.0,1.0
139ad0c354ff8a0390acbfebed1ce9da,Medical assistant,1.0,5.0,"""The debt-to-income ratio of 24.7% indicates a significant portion of the borrower's income is already allocated towards debt obligations. The individual's annual income of $35,000 is relatively low compared to the requested loan amount of $20,000. """,1,1.0,0.0,0.0
c8f6d558a808777c49c35192f91ffb4a,Driver,0.0,5.0,"""This guy now has 1 credit, so it  so this is an important fact.  But he has a good salary, so I think he can handle this loan.""",1,0.0,1.0,0.0
686f6239d992bc9fd1a959ac6855a04c,Project manager,1.0,6.0,"""Although the borrower holds the position of a project manager, their annual income of $64,000 may be insufficient to comfortably handle a loan amount of $30,000. Given the loan purpose being credit card debt, it suggests a potential history of financial mismanagement. """,0,0.0,0.0,0.0
ef2e5538f7d1870dda140d81314b7094,Operational risk manager,0.0,5.0,"""Furthermore, the loan amount of $5,000 is relatively small compared to their total credit limit of $322,046""",0,1.0,0.0,1.0
08b381a0fa5f6835ec122426032b3243,Project manager,1.0,1.0,"""These factors raise concerns about the borrower's ability to meet their loan obligations, resulting in a lower probability of successful repayment""",0,0.0,0.0,0.0
9a75226f7d12d7d900bcafe3b65de1e7,Driver,1.0,7.0,"""Now life is quite expensive, income is not enough to support life for 1 person, and we do not have information about the family, usually the family is an additional expense. I tried on the situation. It's risky, it's better to change jobs.""",1,1.0,0.0,0.0
3f9b7f4f6f804f0c6fbcb7ed3f66b836,Regional manager,1.0,7.0,""" With limited open credit lines and a higher interest rate of 11.99%, they may face challenges in managing multiple credit accounts and making higher monthly payments. These factors indicate a potential difficulty for the person in repaying the loan.""",0,0.0,0.0,0.0
f466e9cf524033b905c842eccc3019cf,Operational risk manager,0.0,5.0,"""Their annual income of $210,000 demonstrates a high earning capacity, increasing the likelihood of timely loan repayments. With a debt-to-income ratio of 9.53, the individual's current debt obligations are relatively low compared to their income, indicating a manageable financial situation.""",0,1.0,0.0,1.0
6c6fad282ecd37787bdbfbd95d8e57a9,Welder,1.0,6.0,""" the high debt-to-income ratio of 18.44 indicates a significant portion of their income is already allocated towards existing debt obligations. """,1,1.0,1.0,1.0
654e43452f1db02435498117826b88d9,Rehab manager,1.0,3.0,"""Additionally, with 10 years of employment history, they have demonstrated stability in their job, which can contribute to their ability to repay the loan. Taking these factors into account, there is a possibility that the person will be able to pay off the loan.Their credit profile, although showing a reasonable number of open credit lines and a low credit utilization rate, is constrained by a limited credit limit of $59,500.""",0,0.0,1.0,1.0
b9a84f9b5fe48feb13ca33acd1ec1b1c,Welder,1.0,7.0,"""Based on the provided loan data profile, the individual has an annual income of $83,000 as a welder, indicating a reasonable income level.""",1,1.0,1.0,1.0
44d034a4c4a3a986bb263d4d4bf32af6,Sales,1.0,5.0,"""Although they have low credit utilization, their low credit limit of $59,500 could limit their ability to handle larger financial obligations. """,1,1.0,0.0,0.0
3e22f87dd8e6d99a6c33a9d8cce233a2,Welder,1.0,6.0,"""Firstly, despite having an annual income of $83,000 as a welder, the high debt-to-income ratio of 18.44 indicates a significant portion of their income is already allocated towards existing debt obligations.""",1,1.0,1.0,1.0
887aed643646dfb3c599924f3d50e21b,Sales,0.0,4.0,"""relatively low total credit utilized and manageable loan amount for a major purchase """,1,0.0,1.0,0.0
9fe03c7d458f3d5950a0e89b2de90799,Operational risk manager,1.0,2.0,"""loan increases further""",0,0.0,1.0,1.0
f466e9cf524033b905c842eccc3019cf,General manager,1.0,4.0,"""These factors include existing debt consolidation, a loan amount of $35,000, and a high interest rate of 22.9%. Additionally, the individual's total credit utilized amounting to $192,017, combined with numerous credit lines and limited available credit, suggests potential financial strain and difficulty in managing additional debt. """,1,1.0,0.0,0.0
08b381a0fa5f6835ec122426032b3243,General manager,1.0,1.0,"""difficulty in managing additional debt. Considering these aspects, there is a heightened likelihood that the person may encounter challenges repaying the loan.""",1,1.0,0.0,0.0
c8f6d558a808777c49c35192f91ffb4a,QC lead,0.0,5.0,"""This guy has a total of 11 loans, but not a single late payment. That is, a reliable person with a good salary. I think there is no doubt about giving him 10k""",1,0.0,1.0,0.0
686f6239d992bc9fd1a959ac6855a04c,Supplies clerk,1.0,6.0,"""With a debt-to-income ratio of 17.06, a significant portion of their income is already allocated towards existing debt obligations, indicating a potential strain on their finances. With 14 open credit lines out of a total of 21, it suggests a high level of credit utilization and potentially indicates difficulty in managing multiple credit accounts effectively.""",0,0.0,0.0,0.0
91a96e03d75a8dc188b3c998353a0f2f,Regional manager,1.0,7.0,"""Although their debt-to-income ratio is relatively low at 7.57, their significant credit utilization suggests a reliance on credit and existing debt obligations. With limited open credit lines and a higher interest rate of 11.99%, they may face challenges in managing multiple credit accounts""",0,0.0,0.0,0.0
189fab19b24be0db3cbdfb37151aacbb,Assistant district attorney,1.0,5.0,""" The annual income of $62,000 suggests a moderate income level, but the loan amount of $13,600 is significant relative to the income.""",1,1.0,0.0,0.0
6348cd575921e77e8abc8b580030b265,Assistant district attorney,0.0,6.0,"""Based on the provided information, I would indicate a relatively low probability of this person being able to repay the loan. The annual income of $62,000 suggests a moderate income level, but the loan amount of $13,600 is significant relative to the income. Additionally, the high interest rate of 19.03% suggests a higher risk for defaulting on the loan. The purpose of the loan, debt consolidation, implies existing financial obligations, further increasing the borrower's financial strain. Combined, these factors contribute to a lower probability of repayment .""",1,0.0,1.0,0.0
587681033b9490ef5c68ffdde95f2e0b,Claims adjudicator,1.0,4.0,"""their annual income of $40,000 is relatively low compared to the loan amount of $16,000, resulting in a high debt-to-income ratio of 19.44%. """,1,1.0,1.0,1.0
c0278bdfdbb88139e7813d886d2db32f,Service technician,1.0,3.0,"""Their annual income of $50,000 suggests a reasonable ability to make loan payments.""",1,1.0,1.0,1.0
08b381a0fa5f6835ec122426032b3243,QC lead,1.0,1.0,"""Considering these factors, there is a possibility that the person may face challenges in repaying the loan.""",1,1.0,0.0,0.0
b9a84f9b5fe48feb13ca33acd1ec1b1c,QC lead,0.0,4.0,"""Considering these factors, there is a possibility that the person may face challenges in repaying the loan.""",1,0.0,1.0,0.0
c3ea4243e476b6726a9ee80f4d03c5b9,Supplies clerk,1.0,5.0,"""He has low salary and he face financial challenges """,0,0.0,0.0,0.0
2d72e9d005614979e7e52ffd30cd5437,Counselor,0.0,6.0,"""moderate level of existing debt. Additionally, the individual's employment length of 2 years might be considered relatively short, which could indicate""",0,1.0,0.0,1.0
8fbe72651ceb0df1b0b1e2e7d68b910a,Service technician,1.0,4.0,"""Based on the given information, the individual's debt-to-income ratio is 59.29%, which suggests a significant portion of their income is already allocated towards debt payments. Additionally, the loan purpose being debt consolidation indicates that they may already have existing debt obligations. Furthermore, the high interest rate of 20% indicates a higher risk for the lender. Lastly, the individual's total credit utilized is relatively high compared to their total credit limit, indicating a potential strain on their available credit. Considering these factors, it suggests a higher probability of difficulty in repaying the loan.""",1,1.0,1.0,1.0
d7b7f11ee70264bf8fd0d5dc7815d6ad,Claims adjudicator,1.0,3.0,"""Based on the provided information, the individual's employment title as a claims adjudicator suggests stable employment. However, their annual income of $40,000 is relatively low compared to the loan amount of $16,000, resulting in a high debt-to-income ratio of 19.44%. Additionally, the interest rate of 25.82% indicates a higher risk of repayment difficulty. Considering these factors, it would indicatea higher likelihood of not being able to repay the loan successfully.""",1,1.0,1.0,1.0
be85f2928df1008813594edfa4b5fda2,Supplies clerk,0.0,4.0,"""reasonable amount of debt relative to their income""",0,1.0,1.0,0.0
f7dc3f8bbfbf0ca5582c5ca067fd917b,Claims adjudicator,0.0,6.0,"""Based on the given information, the individual's employment as a claims adjudicator indicates a stable and secure job with a tenure of 10 years.""",1,0.0,0.0,1.0
b9a84f9b5fe48feb13ca33acd1ec1b1c,Counselor,1.0,3.0,"""These factors, along with a good credit history indicated by a low total credit utilization rate of 8.65%, contribute to a high likelihood of repayment.""",0,0.0,1.0,1.0
f878b7c53941bae8e2dad5ce1734de8d,Counselor,1.0,1.0,"""Furthermore, the loan amount of $7,000 is relatively small compared to the individual's income and credit lines. """,0,0.0,1.0,1.0
f1afd674429979c4d0dc5aaf33284c64,Assistant district attorney,0.0,7.0,"""the individual's employment as an assistant district attorney suggests a stable and relatively secure job,The loan purpose of debt consolidation could indicate a responsible approach to managing financial obligations. """,1,0.0,1.0,0.0
7fb1ed8980b588a153eaf3ee1ced51a8,General manager,0.0,6.0,"""With a debt-to-income ratio of 13.27%, indicating a low level of debt compared to income""",1,0.0,1.0,0.0
3fbc92ff6b5af62c3b953c5d807f16ae,Medical assistant,1.0,1.0,"""I would indicate a moderate probability of this person being able to repay the loan. Although the annual income of $35,000 is relatively low""",1,1.0,0.0,0.0
91a2786f8bb9c9055a2762fcc87356c9,Driver,0.0,4.0,"""Although the interest rate of 21.45% is relatively high, the borrower's debt-to-income ratio of 5.11 suggests a manageable level of debt. Additionally, the borrower has a relatively low number of total credit lines, but their credit utilization of 66% indicates a responsible utilization of available credit. """,1,0.0,1.0,0.0
ebd7e042ca5c5ba4becf5394463bda8d,Driver,1.0,6.0,"""Firstly, the borrower's annual income of $27,000 is relatively low compared to the loan amount of $20,000, indicating potential financial strain. Secondly, the interest rate of 21.45% is relatively high, which increases the overall cost of borrowing.""",1,1.0,0.0,0.0
dd46b673a25963ad9e0cf150dc4e2391,Driver,1.0,6.0,"""Based on the provided information, several factors contribute to the assessment of the borrower's ability to repay the loan.""",1,1.0,0.0,0.0
8bdd49f1a752d4772cdd246852c77223,Medical assistant,0.0,5.0,""" I would indicate a moderate probability of this person being able to repay the loan.""",1,0.0,1.0,0.0
c32ed7a0904dc57449bd4a2a61d69e4b,Claims adjudicator,0.0,5.0,"""With an annual income of $40,000, their debt-to-income ratio of 19.44% suggests a reasonable level of financial stability""",1,0.0,0.0,1.0
ffdea5ab195189149c33f0dfad983307,Project manager,0.0,5.0,""" the borrower's earnings appear to be sufficient to cover the loan repayment. While the loan purpose is for credit card debt, the loan amount of $30,000 does not exceed the borrower's annual income significantly. The interest rate """,0,1.0,1.0,0.0
eb62744d3cae155576936a9928a55b53,Operational risk manager,1.0,4.0,"""Has employment, but high debt and many Credit. """,0,0.0,1.0,1.0
5e0d15a9f26e60a4be169efa80f91ad3,Project manager,0.0,4.0,"""sufficient to cover the loan repayment""",0,1.0,1.0,0.0
a0bfe631db528f0664ecacc186b57124,General manager,0.0,5.0,"""Upon evaluation of the provided information, several factors raise concerns about the person's ability to repay the loan.These factors include existing debt consolidation, a loan amount of $35,000, and a high interest rate of 22.9%.""",1,0.0,1.0,0.0
ab7ef913566e19adbfbe51070582248f,General manager,1.0,5.0,"""The general manager's high annual income of $280,000 and the ten years of employment length demonstrate a stable and well-established financial situation.""",1,1.0,0.0,0.0
1e26a8e9c1354417b83bb49820505811,Project manager,1.0,4.0,"""With an annual income of $64,000""",0,0.0,0.0,0.0
d7b7f11ee70264bf8fd0d5dc7815d6ad,Claims adjudicator,0.0,3.0,"""Based on the provided information, the individual's employment title as a claims adjudicator suggests stable employment. However, their annual income of $40,000 is relatively low compared to the loan amount of $16,000, resulting in a high debt-to-income ratio of 19.44%. Additionally, the interest rate of 25.82% indicates a higher risk of repayment difficulty. Considering these factors, it would indicatea higher likelihood of not being able to repay the loan successfully.""",1,0.0,0.0,1.0
ffdea5ab195189149c33f0dfad983307,Counselor,1.0,4.0,"""These factors, along with a good credit history indicated by a low total credit utilization rate of 8.65%, contribute to a high likelihood of repayment.""",0,0.0,1.0,1.0
cfc6988e2d8b5ef6d5dd11f5bfc8007c,Claims adjudicator,0.0,5.0,"""With an annual income of $40,000, their debt-to-income ratio of 19.44% suggests a reasonable level of financial stability. Additionally, the individual has a total of 26 credit lines and is utilizing only 45% of their total credit limit, which indicates responsible credit management. """,1,0.0,0.0,1.0
dd46b673a25963ad9e0cf150dc4e2391,Counselor,0.0,5.0,"""Based on the provided information, several factors contribute to the assessment of the borrower's ability to repay the loan.""",0,1.0,0.0,1.0
d7b7f11ee70264bf8fd0d5dc7815d6ad,Service technician,1.0,5.0,"""Based on the given information, the individual's debt-to-income ratio is 59.29%, which suggests a significant portion of their income is already allocated towards debt payments. Additionally, the loan purpose being debt consolidation indicates that they may already have existing debt obligations. Furthermore, the high interest rate of 20% indicates a higher risk for the lender. Lastly, the individual's total credit utilized is relatively high compared to their total credit limit, indicating a potential strain on their available credit. Considering these factors, it suggests a higher probability of difficulty in repaying the loan.""",1,1.0,1.0,1.0
51964b55a0bc4b944851867308a18478,Welder,0.0,5.0,"""While the debt-to-income ratio is 18.44, which is relatively high, the fact that they are seeking a loan for debt consolidation suggests a proactive approach to managing their finances.""",1,0.0,0.0,1.0
91a2786f8bb9c9055a2762fcc87356c9,Welder,0.0,5.0,"""While the debt-to-income ratio is 18.44, which is relatively high, the fact that they are seeking a loan for debt consolidation suggests a proactive approach to managing their finances. Furthermore, with a loan amount of $20,000 and a total credit limit of $555,154, the individual has a significant amount of available credit, indicating their ability to handle larger financial obligations.""",1,0.0,0.0,1.0
