INPUT:age	INPUT:sex	INPUT:name	INPUT:race	INPUT:image_a	INPUT:image_b	INPUT:jail_time	INPUT:profile_1	INPUT:profile_2	INPUT:decision_1	INPUT:decision_2	INPUT:rationale_1	INPUT:rationale_2	INPUT:priors_count	INPUT:c_charge_desc	INPUT:juvenile_count	OUTPUT:answer1	OUTPUT:answer2	OUTPUT:excerpt1	OUTPUT:excerpt2	OUTPUT:confidence1	OUTPUT:confidence2	OUTPUT:confirmation	GOLDEN:answer1	GOLDEN:answer2	GOLDEN:excerpt1	GOLDEN:excerpt2	GOLDEN:confidence1	GOLDEN:confidence2	GOLDEN:confirmation	HINT:text	HINT:default_language	ASSIGNMENT:link	ASSIGNMENT:task_id	ASSIGNMENT:assignment_id	ASSIGNMENT:worker_id	ASSIGNMENT:status	ASSIGNMENT:started
29	Male	Giovanna Flores	Hispanic			2 days	Human	AI	**High**	**Low**	Giovanna Flores' charge of Aggravated Battery with great bodily harm raises concerns about their propensity for violence and potential for reoffending. Committing such a serious offense **indicates a willingness to engage in severe acts of harm towards others**. Furthermore, the **jail time served for only two days does not guarantee successful rehabilitation** or a change in behavior. Additionally, the **presence of a prior offense suggests a pattern of involvement in criminal activities**, increasing the likelihood of future reoffending.	Despite the seriousness of the Aggravated Battery charge, it is important to consider that people can change and learn from their past actions. The **absence of juvenile felonies and misdemeanors** suggests that Giovanna had successfully avoided involvement in criminal activities during their youth. The short **jail time served could also have had an impact, providing an opportunity for reflection** and a wake-up call to address their behavior.	1	Felony: Aggravated Battery with Great Bodily Harm	0	"""1"""	0	"""Committing such a serious offense indicates a willingness to engage in severe acts of harm towards others. Furthermore, the jail time served for only two days does not guarantee successful rehabilitation or a change in behavior"""	"""Committing such a serious offense indicates a willingness to engage in severe acts of harm towards others. Furthermore, the jail time served for only two days does not guarantee successful rehabilitation or a change in behavior"""	"""1"""		"""confirm"""										https://platform.toloka.ai/task/39708080/00025de5b0--648dbbda80e07a75fd5e40fd	00025de5b0--648da659a1af7c7d84a10462	00025de5b0--648dbbda80e07a75fd5e40fd	48a77608a07a04710d8a6e9c2866562c	APPROVED	2023-06-17T13:57:46.230
31	Male	Robert Hauselt	Caucasian			471 days	AI	Human	**High**	**Low**	"Robert Hauselt has a **history of 13 previous criminal offenses**, indicating a significant pattern of involvement in illegal activities. Although the current offense is listed as ""arrest case no charge,"" it is important to consider the individual's criminal history. The **repeated involvement in criminal behavior suggests a potential lack of deterrent effect from prior punishments**. Additionally, the **relatively short period of incarceration** may not have provided sufficient time for comprehensive rehabilitation or addressing the underlying factors contributing to his criminal behavior. The combination of a history of multiple offenses and the lack of clear information on the current offense raises concerns about the potential for reoffending."	"Robert Hauselt has a history of 13 previous criminal offenses, indicating a pattern of involvement in illegal activities. However, since the current offense is listed as ""arrest case no charge,"" it is **unclear whether Robert was formally charged or convicted for the offense**. It is also important to consider that the **provided information does not include any specific details about the nature of the previous offenses** or their outcomes. It is possible that he may have **received effective intervention, undergone rehabilitation**, or made positive changes in his life since his previous offenses, which could contribute to a reduced likelihood of reoffending."	13	Felony: arrest case no charge	0	"""0"""	0	"""However, since the current offense is listed as \""arrest case no charge,\"" it is unclear whether Robert was formally charged or convicted for the offense. It is possible that he may have received effective intervention, undergone rehabilitation, or made positive changes in his life since his previous offenses, which could contribute to a reduced likelihood of reoffending."""	"""It is also important to consider that the provided information does not include any specific details about the nature of the previous offenses or their outcomes. """	"""4"""	"""5"""	"""confirm"""										https://platform.toloka.ai/task/39708080/00025de5b0--648dbbdea1af7c7d84a410f8	00025de5b0--648da659a1af7c7d84a10460	00025de5b0--648dbbdea1af7c7d84a410f8	ef91435d6b09b195b1e91783064ef033	APPROVED	2023-06-17T13:57:50.972
29	Male	Giovanna Flores	Hispanic			2 days	Human	AI	**High**	**Low**	Giovanna Flores' charge of Aggravated Battery with great bodily harm raises concerns about their propensity for violence and potential for reoffending. Committing such a serious offense **indicates a willingness to engage in severe acts of harm towards others**. Furthermore, the **jail time served for only two days does not guarantee successful rehabilitation** or a change in behavior. Additionally, the **presence of a prior offense suggests a pattern of involvement in criminal activities**, increasing the likelihood of future reoffending.	Despite the seriousness of the Aggravated Battery charge, it is important to consider that people can change and learn from their past actions. The **absence of juvenile felonies and misdemeanors** suggests that Giovanna had successfully avoided involvement in criminal activities during their youth. The short **jail time served could also have had an impact, providing an opportunity for reflection** and a wake-up call to address their behavior.	1	Felony: Aggravated Battery with Great Bodily Harm	0	"""1"""	1	"""Giovanna Flores' charge of Aggravated Battery with great bodily harm raises concerns about their propensity for violence and potential for reoffending. Committing such a serious offense indicates a willingness to engage in severe acts of harm towards others."""	"""Furthermore, the jail time served for only two days does not guarantee successful rehabilitation or a change in behavior."""	"""1"""	"""7"""	"""confirm"""										https://platform.toloka.ai/task/39708080/00025de5b0--648dbbe09da3f310a11e608e	00025de5b0--648da659a1af7c7d84a10462	00025de5b0--648dbbe09da3f310a11e608e	cb2db72ab42aa9721a2504b4a36c5e9c	APPROVED	2023-06-17T13:57:52.957
33	Male	Victor Moreno	African-American			38 days	AI	Human	**High**	**Low**	It appears that Victor Moreno has no prior criminal history, which suggests that he may not have a pattern of criminal behavior. However, the fact that he was convicted of **tampering with physical evidence, a felony offense**, raises **concerns about his potential involvement in more serious criminal activities**. Additionally, the **relatively short period of time spent in jail** for this offense may indicate that he did not receive extensive rehabilitative treatment during his incarceration.	Victor Moreno's **lack of prior criminal history** suggests that he is not prone to engaging in criminal behavior. The **single offense** of tampering with physical evidence, although a felony, does **not necessarily indicate a propensity for future criminal acts**. Furthermore, the relatively short period of incarceration may have **limited the opportunities for deeper involvement in criminal networks**. It is possible that Victor's **experience with the criminal justice system** and the consequences of his actions have **served as a deterrent**, reducing the likelihood of reoffending.	0	Felony: Tampering With Physical Evidence	0	"""0"""	0	"""Good luck """	"""Were nice """	"""1"""	"""7"""	"""confirm"""										https://platform.toloka.ai/task/39708080/00025de5b0--648dbbe32175192123718857	00025de5b0--648da659a1af7c7d84a1045b	00025de5b0--648dbbe32175192123718857	984c214706a0d8a26a41ff0be7be65a9	APPROVED	2023-06-17T13:57:55.330
31	Male	Robert Hauselt	Caucasian			471 days	AI	Human	**High**	**Low**	"Robert Hauselt has a **history of 13 previous criminal offenses**, indicating a significant pattern of involvement in illegal activities. Although the current offense is listed as ""arrest case no charge,"" it is important to consider the individual's criminal history. The **repeated involvement in criminal behavior suggests a potential lack of deterrent effect from prior punishments**. Additionally, the **relatively short period of incarceration** may not have provided sufficient time for comprehensive rehabilitation or addressing the underlying factors contributing to his criminal behavior. The combination of a history of multiple offenses and the lack of clear information on the current offense raises concerns about the potential for reoffending."	"Robert Hauselt has a history of 13 previous criminal offenses, indicating a pattern of involvement in illegal activities. However, since the current offense is listed as ""arrest case no charge,"" it is **unclear whether Robert was formally charged or convicted for the offense**. It is also important to consider that the **provided information does not include any specific details about the nature of the previous offenses** or their outcomes. It is possible that he may have **received effective intervention, undergone rehabilitation**, or made positive changes in his life since his previous offenses, which could contribute to a reduced likelihood of reoffending."	13	Felony: arrest case no charge	0	"""0"""	1	"""Fhvfhhvh guvgjbbn gibghvbbfg"""	"""Gjcbjcj givgnvhj gjbfhhchg"""	"""4"""	"""4"""	"""confirm"""										https://platform.toloka.ai/task/39708080/00025de5b0--648dbbe3d656784c325c977e	00025de5b0--648da659a1af7c7d84a10460	00025de5b0--648dbbe3d656784c325c977e	59febc352486f8cba224157814ba811a	APPROVED	2023-06-17T13:57:55.988
50	Female	Nadine Chambers	Caucasian			0 days	AI	Human	**Low**	**High**	Nadine Chambers' age and maturity, **being over 45 years old**, suggest a reduced likelihood of reoffending as **individuals of that age are typically more settled in their lives**. Her **lack of prior offenses** and juvenile charges indicates a law-abiding life until the **DUI incident, which could serve as a wake-up call** for positive changes. 	Nadine Chambers' previous charge of Driving Under The Influence (DUI) indicates a **potential issue with substance abuse** or impaired driving, suggesting a higher likelihood of reoffending if not addressed. While she has no prior offenses, the absence of a criminal history does not guarantee a reduced likelihood of reoffending. The **brief jail time she served for the DUI charge may not serve as a strong deterrent**, potentially contributing to a higher likelihood of reoffending.	0	Misdemeanour: Driving Under The Influence	0	"""1"""	1	"""individuals of that age are typically more settled in their lives"""	"""Human"""	"""1"""		"""confirm"""										https://platform.toloka.ai/task/39708080/00025de5b0--648dbbe408b5135b66c3c622	00025de5b0--648da659a1af7c7d84a1046e	00025de5b0--648dbbe408b5135b66c3c622	9b34ac6f1ea62b425604975783ed94ad	APPROVED	2023-06-17T13:57:56.894
20	Male	Darrell Blackburn	Caucasian			33 days	AI	Human	**High**	**Low**	Darrell Blackburn has **a prior arrest for a juvenile criminal offense**, which indicates a history of involvement in illegal activities. The current offense of possession of Alprazolam, a felony, suggests **ongoing issues with substance abuse or involvement in illicit drug-related activities**. The **relatively short period of incarceration** may not have provided enough time for comprehensive rehabilitative efforts. Additionally, the combination of a prior offense and involvement with drugs increases the risk of recidivism, as substance abuse can contribute to criminal behavior.	While Darrell Blackburn has a prior arrest for a juvenile criminal offense, it is important to consider that this incident occurred in the past and he has not committed any further offenses since then. The current offense of possession of Alprazolam may not necessarily indicate a persistent pattern of criminal behavior. Furthermore, the brief period of **incarceration could have served as a wake-up call**, allowing Darrell to reflect on his actions and make positive changes. It is **possible that he has taken steps to address any underlying issues** that may have contributed to his previous offenses, increasing the likelihood of desisting from further criminal activity.	0	Felony: Possession Of Alprazolam	1	"""1"""	1	"""High"""	"""Low"""	"""1"""	"""1"""	"""confirm"""										https://platform.toloka.ai/task/39708080/00025de5b0--648dbbe580e07a75fd5e4222	00025de5b0--648da659a1af7c7d84a10467	00025de5b0--648dbbe580e07a75fd5e4222	4d1500d25c7797ee03e5ef96ad0b6ce5	APPROVED	2023-06-17T13:57:57.439
31	Male	Robert Hauselt	Caucasian			471 days	AI	Human	**High**	**Low**	"Robert Hauselt has a **history of 13 previous criminal offenses**, indicating a significant pattern of involvement in illegal activities. Although the current offense is listed as ""arrest case no charge,"" it is important to consider the individual's criminal history. The **repeated involvement in criminal behavior suggests a potential lack of deterrent effect from prior punishments**. Additionally, the **relatively short period of incarceration** may not have provided sufficient time for comprehensive rehabilitation or addressing the underlying factors contributing to his criminal behavior. The combination of a history of multiple offenses and the lack of clear information on the current offense raises concerns about the potential for reoffending."	"Robert Hauselt has a history of 13 previous criminal offenses, indicating a pattern of involvement in illegal activities. However, since the current offense is listed as ""arrest case no charge,"" it is **unclear whether Robert was formally charged or convicted for the offense**. It is also important to consider that the **provided information does not include any specific details about the nature of the previous offenses** or their outcomes. It is possible that he may have **received effective intervention, undergone rehabilitation**, or made positive changes in his life since his previous offenses, which could contribute to a reduced likelihood of reoffending."	13	Felony: arrest case no charge	0	"""1"""	1	"""The repeated involvement in criminal behavior suggests a potential lack of deterrent effect from prior punishments."""	""" The repeated involvement in criminal behavior suggests a potential lack of deterrent effect from prior punishments"""	"""5"""	"""5"""	"""confirm"""										https://platform.toloka.ai/task/39708080/00025de5b0--648dbbe679f1853cf18c1f3b	00025de5b0--648da659a1af7c7d84a10460	00025de5b0--648dbbe679f1853cf18c1f3b	c80123e03478f928411ebef8e5fb0896	APPROVED	2023-06-17T13:57:58.097
41	Male	Duc Nguyen	Asian			162 days	AI	Human	**High**	**Low**	Duc Ngyugen has a history of **two previous criminal offenses**, indicating a pattern of involvement in illegal activities. The current offense of felony petit theft suggests **ongoing issues with theft or dishonesty**, which can increase the risk of reoffending. The **relatively short duration of incarceration** may not have provided sufficient time for comprehensive rehabilitation or addressing underlying factors contributing to his criminal behavior. Additionally, the combination of a history of previous offenses and involvement in a felony offense indicates a higher likelihood of reoffending, especially if the root causes of his behavior have not been effectively addressed.	Duc Ngyugen has a history of two previous criminal offenses, indicating past involvement in illegal activities. However, the current offense of felony petit theft and the subsequent **incarceration period of several months** may have served as a **deterrent and a wake-up call** for Duc. The **relatively longer duration of incarceration** may have provided him with an opportunity to reflect on his behavior and make positive changes in his life. It is possible that Duc has learned from his past mistakes and is motivated to avoid further involvement in criminal activities.	2	Felony: Felony Petit Theft	0	"""1"""	1	""" two previous criminal offenses,ongoing issues with theft or dishonesty"""	""" two previous criminal offenses, issues with theft or dishonesty"""	"""6"""	"""6"""	"""confirm"""										https://platform.toloka.ai/task/39708080/00025de5b0--648dbbe6ce8f6852fb386ba9	00025de5b0--648da659a1af7c7d84a10459	00025de5b0--648dbbe6ce8f6852fb386ba9	914675a6e7b0f389c168e7207cebc6d7	APPROVED	2023-06-17T13:57:58.724
20	Male	Darrell Blackburn	Caucasian			33 days	AI	Human	**High**	**Low**	Darrell Blackburn has **a prior arrest for a juvenile criminal offense**, which indicates a history of involvement in illegal activities. The current offense of possession of Alprazolam, a felony, suggests **ongoing issues with substance abuse or involvement in illicit drug-related activities**. The **relatively short period of incarceration** may not have provided enough time for comprehensive rehabilitative efforts. Additionally, the combination of a prior offense and involvement with drugs increases the risk of recidivism, as substance abuse can contribute to criminal behavior.	While Darrell Blackburn has a prior arrest for a juvenile criminal offense, it is important to consider that this incident occurred in the past and he has not committed any further offenses since then. The current offense of possession of Alprazolam may not necessarily indicate a persistent pattern of criminal behavior. Furthermore, the brief period of **incarceration could have served as a wake-up call**, allowing Darrell to reflect on his actions and make positive changes. It is **possible that he has taken steps to address any underlying issues** that may have contributed to his previous offenses, increasing the likelihood of desisting from further criminal activity.	0	Felony: Possession Of Alprazolam	1	"""1"""	1	"""it is important to consider that this incident occurred in the past"""	"""the combination of a prior offense and involvement with drugs increases the risk of recidivism"""	"""5"""	"""5"""	"""confirm"""										https://platform.toloka.ai/task/39708080/00025de5b0--648dbbe6ce8f6852fb386bb2	00025de5b0--648da659a1af7c7d84a10467	00025de5b0--648dbbe6ce8f6852fb386bb2	9ecb6928e6cdd21e17d037ffdad05133	APPROVED	2023-06-17T13:57:58.775
50	Female	Nadine Chambers	Caucasian			0 days	AI	Human	**Low**	**High**	Nadine Chambers' age and maturity, **being over 45 years old**, suggest a reduced likelihood of reoffending as **individuals of that age are typically more settled in their lives**. Her **lack of prior offenses** and juvenile charges indicates a law-abiding life until the **DUI incident, which could serve as a wake-up call** for positive changes. 	Nadine Chambers' previous charge of Driving Under The Influence (DUI) indicates a **potential issue with substance abuse** or impaired driving, suggesting a higher likelihood of reoffending if not addressed. While she has no prior offenses, the absence of a criminal history does not guarantee a reduced likelihood of reoffending. The **brief jail time she served for the DUI charge may not serve as a strong deterrent**, potentially contributing to a higher likelihood of reoffending.	0	Misdemeanour: Driving Under The Influence	0	"""1"""	1	"""The brief jail time she served for the DUI charge may not serve as a strong deterrent, potentially contributing to a higher likelihood of reoffending"""	"""The brief jail time she served for the DUI charge may not serve as a strong deterrent, potentially contributing to a higher likelihood of reoffending."""	"""7"""	"""7"""	"""confirm"""										https://platform.toloka.ai/task/39708080/00025de5b0--648dbbe7245d52430e4b5a15	00025de5b0--648da659a1af7c7d84a1046e	00025de5b0--648dbbe7245d52430e4b5a15	91a96e03d75a8dc188b3c998353a0f2f	APPROVED	2023-06-17T13:57:59.144
29	Male	Giovanna Flores	Hispanic			2 days	Human	AI	**High**	**Low**	Giovanna Flores' charge of Aggravated Battery with great bodily harm raises concerns about their propensity for violence and potential for reoffending. Committing such a serious offense **indicates a willingness to engage in severe acts of harm towards others**. Furthermore, the **jail time served for only two days does not guarantee successful rehabilitation** or a change in behavior. Additionally, the **presence of a prior offense suggests a pattern of involvement in criminal activities**, increasing the likelihood of future reoffending.	Despite the seriousness of the Aggravated Battery charge, it is important to consider that people can change and learn from their past actions. The **absence of juvenile felonies and misdemeanors** suggests that Giovanna had successfully avoided involvement in criminal activities during their youth. The short **jail time served could also have had an impact, providing an opportunity for reflection** and a wake-up call to address their behavior.	1	Felony: Aggravated Battery with Great Bodily Harm	0	"""0"""	0	""" activities"""	"""Ai"""	"""4"""	"""3"""	"""confirm"""										https://platform.toloka.ai/task/39708080/00025de5b0--648dbbe74616cb749c7cd8eb	00025de5b0--648da659a1af7c7d84a10462	00025de5b0--648dbbe74616cb749c7cd8eb	15955f8c85293edac683f739cb4427e8	APPROVED	2023-06-17T13:57:59.001
22	Male	Quavon Woodcock	African-American			456 days	Human	AI	**Low**	**High**	Despite having three prior offenses, the fact that Quavon Woodcock has **no history of juvenile felonies or misdemeanors** suggests that he may be able to avoid further involvement in serious criminal activities after appropriate rehabilitation. Additionally, the **15-month jail sentence could have provided him with an opportunity for reflection, rehabilitation**, and the development of skills to reintegrate into society as a law-abiding individual. Considering these factors, it is reasonable to say that  Quavon has a reduced likelihood of reoffending.	Quavon Woodcock, being **22 years of age, may still be in the process of maturing and developing impulse control**, leading to a higher propensity for engaging in risky or criminal behavior. Furthermore, his charge of Grand Theft in the 3rd Degree **suggests a willingness to engage in serious criminal activities**. The fact that he has **three prior offenses raises concerns** about a pattern of criminal involvement, suggesting a higher likelihood of reoffending in the future. 	3	Felony: Grand Theft in the 3rd Degree	0	"""1"""	1	"""Decision-maker 2: High"""	"""Decision-maker 2: High"""	"""1"""	"""2"""	"""confirm"""										https://platform.toloka.ai/task/39708080/00025de5b0--648dbbe780e07a75fd5e4268	00025de5b0--648da659a1af7c7d84a10470	00025de5b0--648dbbe780e07a75fd5e4268	dede5846c0acca2fb7f204ed97d94084	APPROVED	2023-06-17T13:57:59.945
20	Male	Darrell Blackburn	Caucasian			33 days	AI	Human	**High**	**Low**	Darrell Blackburn has **a prior arrest for a juvenile criminal offense**, which indicates a history of involvement in illegal activities. The current offense of possession of Alprazolam, a felony, suggests **ongoing issues with substance abuse or involvement in illicit drug-related activities**. The **relatively short period of incarceration** may not have provided enough time for comprehensive rehabilitative efforts. Additionally, the combination of a prior offense and involvement with drugs increases the risk of recidivism, as substance abuse can contribute to criminal behavior.	While Darrell Blackburn has a prior arrest for a juvenile criminal offense, it is important to consider that this incident occurred in the past and he has not committed any further offenses since then. The current offense of possession of Alprazolam may not necessarily indicate a persistent pattern of criminal behavior. Furthermore, the brief period of **incarceration could have served as a wake-up call**, allowing Darrell to reflect on his actions and make positive changes. It is **possible that he has taken steps to address any underlying issues** that may have contributed to his previous offenses, increasing the likelihood of desisting from further criminal activity.	0	Felony: Possession Of Alprazolam	1	"""1"""	1	""" a prior arrest for a juvenile criminal offense, ongoing issues with substance abuse or involvement in illicit drug-related relatively short period of incarceration the combination of a prior offense an"""	"""a prior arrest for a juvenile criminal offense, ongoing issu"""	"""5"""	"""2"""	"""confirm"""										https://platform.toloka.ai/task/39708080/00025de5b0--648dbbe94616cb749c7cd905	00025de5b0--648da659a1af7c7d84a10467	00025de5b0--648dbbe94616cb749c7cd905	e1681da1d2be01dab65409b5b4116d96	APPROVED	2023-06-17T13:58:01.160
24	Male	Jackson Exalus	Other			5 days	AI	Human	**Low**	**High**	While Jackson Exalus' charge of Aggravated Assault with a deadly weapon is serious, it is important to consider his potential for rehabilitation and change. The **absence of prior juvenile felonies and misdemeanors** suggests that Jackson avoided involvement in criminal activities during his youth. In the absence of information beyond what is provided in this profile, it is **crucial to consider the individual's potential for remorse and willingness to seek help**, which can reduce his likelihood of reoffending.	Jackson Exalus' charge of Aggravated Assault with a deadly weapon raises significant **concerns about his inclination towards violence and the potential for reoffending**. The severity of this offense **suggests a willingness to engage in dangerous and harmful behavior towards others**. The fact that he has **one prior offense further reinforces the concern** of a pattern of criminal involvement. While the **jail time served for five days** may have served as a short-term consequence, it does not guarantee successful rehabilitation or deterrence from future criminal behavior.	1	Felony: Aggravated Assault with deadly Weapon	0	"""0"""	0	"""МТС"""	"""Yes"""	"""4"""	"""6"""	"""confirm"""										https://platform.toloka.ai/task/39708080/00025de5b0--648dbbe94616cb749c7cd923	00025de5b0--648da659a1af7c7d84a10472	00025de5b0--648dbbe94616cb749c7cd923	5b257741914dd308da126114d1543fc1	APPROVED	2023-06-17T13:58:01.837
33	Male	Victor Moreno	African-American			38 days	AI	Human	**High**	**Low**	It appears that Victor Moreno has no prior criminal history, which suggests that he may not have a pattern of criminal behavior. However, the fact that he was convicted of **tampering with physical evidence, a felony offense**, raises **concerns about his potential involvement in more serious criminal activities**. Additionally, the **relatively short period of time spent in jail** for this offense may indicate that he did not receive extensive rehabilitative treatment during his incarceration.	Victor Moreno's **lack of prior criminal history** suggests that he is not prone to engaging in criminal behavior. The **single offense** of tampering with physical evidence, although a felony, does **not necessarily indicate a propensity for future criminal acts**. Furthermore, the relatively short period of incarceration may have **limited the opportunities for deeper involvement in criminal networks**. It is possible that Victor's **experience with the criminal justice system** and the consequences of his actions have **served as a deterrent**, reducing the likelihood of reoffending.	0	Felony: Tampering With Physical Evidence	0	"""1"""	1	""" tampering with physical evidence, a felony offense ., the relatively short period of time spent in jail"""	""" tampering with physical evidence, a felony offense. the relatively short period of time spent in jail"""	"""5"""	"""5"""	"""confirm"""										https://platform.toloka.ai/task/39708080/00025de5b0--648dbbe958db6d22ce602164	00025de5b0--648da659a1af7c7d84a1045b	00025de5b0--648dbbe958db6d22ce602164	61191c6fde38dd8f0363561f329ab599	APPROVED	2023-06-17T13:58:01.614
33	Male	Victor Moreno	African-American			38 days	AI	Human	**High**	**Low**	It appears that Victor Moreno has no prior criminal history, which suggests that he may not have a pattern of criminal behavior. However, the fact that he was convicted of **tampering with physical evidence, a felony offense**, raises **concerns about his potential involvement in more serious criminal activities**. Additionally, the **relatively short period of time spent in jail** for this offense may indicate that he did not receive extensive rehabilitative treatment during his incarceration.	Victor Moreno's **lack of prior criminal history** suggests that he is not prone to engaging in criminal behavior. The **single offense** of tampering with physical evidence, although a felony, does **not necessarily indicate a propensity for future criminal acts**. Furthermore, the relatively short period of incarceration may have **limited the opportunities for deeper involvement in criminal networks**. It is possible that Victor's **experience with the criminal justice system** and the consequences of his actions have **served as a deterrent**, reducing the likelihood of reoffending.	0	Felony: Tampering With Physical Evidence	0	"""0"""	0	"""Victor Moreno's lack of prior criminal history suggests that he is not prone to engaging in criminal behavior. The single offense of tampering with physical evidence, although a felony, does not necessarily indicate a propensity for future criminal acts."""	"""Furthermore, the relatively short period of incarceration may have limited the opportunities for deeper involvement in criminal networks"""	"""1"""	"""7"""	"""confirm"""										https://platform.toloka.ai/task/39708080/00025de5b0--648dbbe9eab89e415991215d	00025de5b0--648da659a1af7c7d84a1045b	00025de5b0--648dbbe9eab89e415991215d	c25ebee8aea54a0c05e63599c1a79075	APPROVED	2023-06-17T13:58:01.212
50	Female	Nadine Chambers	Caucasian			0 days	AI	Human	**Low**	**High**	Nadine Chambers' age and maturity, **being over 45 years old**, suggest a reduced likelihood of reoffending as **individuals of that age are typically more settled in their lives**. Her **lack of prior offenses** and juvenile charges indicates a law-abiding life until the **DUI incident, which could serve as a wake-up call** for positive changes. 	Nadine Chambers' previous charge of Driving Under The Influence (DUI) indicates a **potential issue with substance abuse** or impaired driving, suggesting a higher likelihood of reoffending if not addressed. While she has no prior offenses, the absence of a criminal history does not guarantee a reduced likelihood of reoffending. The **brief jail time she served for the DUI charge may not serve as a strong deterrent**, potentially contributing to a higher likelihood of reoffending.	0	Misdemeanour: Driving Under The Influence	0	"""0"""	0	"""it is evident that it has no risk"""	"""it is evident that it has no risk"""	"""2"""	"""1"""	"""confirm"""										https://platform.toloka.ai/task/39708080/00025de5b0--648dbbeb08b5135b66c3c6ce	00025de5b0--648da659a1af7c7d84a1046e	00025de5b0--648dbbeb08b5135b66c3c6ce	12839fd37471389b5beb25899338cc27	APPROVED	2023-06-17T13:58:03.440
24	Male	Jackson Exalus	Other			5 days	AI	Human	**Low**	**High**	While Jackson Exalus' charge of Aggravated Assault with a deadly weapon is serious, it is important to consider his potential for rehabilitation and change. The **absence of prior juvenile felonies and misdemeanors** suggests that Jackson avoided involvement in criminal activities during his youth. In the absence of information beyond what is provided in this profile, it is **crucial to consider the individual's potential for remorse and willingness to seek help**, which can reduce his likelihood of reoffending.	Jackson Exalus' charge of Aggravated Assault with a deadly weapon raises significant **concerns about his inclination towards violence and the potential for reoffending**. The severity of this offense **suggests a willingness to engage in dangerous and harmful behavior towards others**. The fact that he has **one prior offense further reinforces the concern** of a pattern of criminal involvement. While the **jail time served for five days** may have served as a short-term consequence, it does not guarantee successful rehabilitation or deterrence from future criminal behavior.	1	Felony: Aggravated Assault with deadly Weapon	0	"""1"""	1	"""profile, it is crucial to consider the individual's potential for remorse and willingness to seek help, which can reduce his likelihood of reoffending."""	"""n-maker 2 was: Human"""	"""2"""	"""5"""	"""confirm"""										https://platform.toloka.ai/task/39708080/00025de5b0--648dbbeb4616cb749c7cd94d	00025de5b0--648da659a1af7c7d84a10472	00025de5b0--648dbbeb4616cb749c7cd94d	8c63156e101b7cd8cda28fdd9de6d605	APPROVED	2023-06-17T13:58:03.141
22	Male	Quavon Woodcock	African-American			456 days	Human	AI	**Low**	**High**	Despite having three prior offenses, the fact that Quavon Woodcock has **no history of juvenile felonies or misdemeanors** suggests that he may be able to avoid further involvement in serious criminal activities after appropriate rehabilitation. Additionally, the **15-month jail sentence could have provided him with an opportunity for reflection, rehabilitation**, and the development of skills to reintegrate into society as a law-abiding individual. Considering these factors, it is reasonable to say that  Quavon has a reduced likelihood of reoffending.	Quavon Woodcock, being **22 years of age, may still be in the process of maturing and developing impulse control**, leading to a higher propensity for engaging in risky or criminal behavior. Furthermore, his charge of Grand Theft in the 3rd Degree **suggests a willingness to engage in serious criminal activities**. The fact that he has **three prior offenses raises concerns** about a pattern of criminal involvement, suggesting a higher likelihood of reoffending in the future. 	3	Felony: Grand Theft in the 3rd Degree	0	"""1"""	1	"""being 22 years of age, may still be in the process of maturing and developing impulse control, leading to a higher propensity for engaging in risky or criminal behavior. """	""" his charge of Grand Theft in the 3rd Degree suggests a willingness to engage in serious criminal activities."""	"""6"""	"""6"""	"""confirm"""										https://platform.toloka.ai/task/39708080/00025de5b0--648dbbebd7c375249d09d85f	00025de5b0--648da659a1af7c7d84a10470	00025de5b0--648dbbebd7c375249d09d85f	ef86ef980f479445337c44c63fb76ba4	APPROVED	2023-06-17T13:58:03.785
45	Male	Pedro Rodriguez	Hispanic			242 days	AI	Human	**Low**	**High**	Pedro Rodriguez, a 45-year-old Hispanic male, was arrested on January 12, 2013, for possession of cocaine. He had no prior juvenile felony, misdemeanor, or other offenses. Although he had six **prior counts, they are not specified in the provided information**. Furthermore, with **an age above 45**, Pedro exhibits factors that contribute to a lower likelihood of recidivism. Based on these factors, Pedro Rodriguez is assessed with a high risk of recidivism, scoring 1 out of 10.	Pedro Rodriguez, a 45-year-old Hispanic male, was arrested on January 12, 2013, for possession of cocaine. He has **a history of six prior counts, indicating a pattern of criminal behavior**. The offense description suggests involvement in drug-related activities, which can contribute to a higher risk of recidivism. Considering his age and lack of rehabilitation information, there are **concerns about his ability to desist from re-offending**. Based on these factors, Pedro Rodriguez is assessed with a high risk of recidivism, scoring 10 out of 10.	6	Felony: Possession of Cocaine	0	"""1"""	1	""" behavior. The offense description suggests involvement in drug-related activities, which can contribute to a higher risk of recidivism. Considering his age and lack of rehabilitation information, there are concerns about his ability to desist from re-offending."""	"""He has a history of six prior counts, indicating a pattern of criminal behavior"""	"""6"""	"""6"""	"""confirm"""										https://platform.toloka.ai/task/39708080/00025de5b0--648dbbec30a157283b5c0dac	00025de5b0--648da659a1af7c7d84a1046c	00025de5b0--648dbbec30a157283b5c0dac	f44ca4f558f53047045d38a0596702c0	APPROVED	2023-06-17T13:58:04.219
22	Male	Quavon Woodcock	African-American			456 days	Human	AI	**Low**	**High**	Despite having three prior offenses, the fact that Quavon Woodcock has **no history of juvenile felonies or misdemeanors** suggests that he may be able to avoid further involvement in serious criminal activities after appropriate rehabilitation. Additionally, the **15-month jail sentence could have provided him with an opportunity for reflection, rehabilitation**, and the development of skills to reintegrate into society as a law-abiding individual. Considering these factors, it is reasonable to say that  Quavon has a reduced likelihood of reoffending.	Quavon Woodcock, being **22 years of age, may still be in the process of maturing and developing impulse control**, leading to a higher propensity for engaging in risky or criminal behavior. Furthermore, his charge of Grand Theft in the 3rd Degree **suggests a willingness to engage in serious criminal activities**. The fact that he has **three prior offenses raises concerns** about a pattern of criminal involvement, suggesting a higher likelihood of reoffending in the future. 	3	Felony: Grand Theft in the 3rd Degree	0	"""1"""	1	"""Furthermore, his charge of Grand Theft in the 3rd Degree suggests a willingness to engage in serious criminal activities."""	"""Furthermore, his charge of Grand Theft in the 3rd Degree suggests a willingness to engage in serious criminal activities."""	"""2"""	"""2"""	"""confirm"""										https://platform.toloka.ai/task/39708080/00025de5b0--648dbbec58db6d22ce6021d0	00025de5b0--648da659a1af7c7d84a10470	00025de5b0--648dbbec58db6d22ce6021d0	149205951c054ea5c368c4adcea89b2a	APPROVED	2023-06-17T13:58:04.410
45	Male	Pedro Rodriguez	Hispanic			242 days	AI	Human	**Low**	**High**	Pedro Rodriguez, a 45-year-old Hispanic male, was arrested on January 12, 2013, for possession of cocaine. He had no prior juvenile felony, misdemeanor, or other offenses. Although he had six **prior counts, they are not specified in the provided information**. Furthermore, with **an age above 45**, Pedro exhibits factors that contribute to a lower likelihood of recidivism. Based on these factors, Pedro Rodriguez is assessed with a high risk of recidivism, scoring 1 out of 10.	Pedro Rodriguez, a 45-year-old Hispanic male, was arrested on January 12, 2013, for possession of cocaine. He has **a history of six prior counts, indicating a pattern of criminal behavior**. The offense description suggests involvement in drug-related activities, which can contribute to a higher risk of recidivism. Considering his age and lack of rehabilitation information, there are **concerns about his ability to desist from re-offending**. Based on these factors, Pedro Rodriguez is assessed with a high risk of recidivism, scoring 10 out of 10.	6	Felony: Possession of Cocaine	0	"""1"""	1	"""Because of 6 count of prior criminal history"""	"""Because of 6 count of prior criminal history"""	"""4"""	"""4"""	"""confirm"""										https://platform.toloka.ai/task/39708080/00025de5b0--648dbbec79f1853cf18c2019	00025de5b0--648da659a1af7c7d84a1046c	00025de5b0--648dbbec79f1853cf18c2019	20787897fb4e23cc363f363ca81a6a98	APPROVED	2023-06-17T13:58:04.491
24	Male	Jackson Exalus	Other			5 days	AI	Human	**Low**	**High**	While Jackson Exalus' charge of Aggravated Assault with a deadly weapon is serious, it is important to consider his potential for rehabilitation and change. The **absence of prior juvenile felonies and misdemeanors** suggests that Jackson avoided involvement in criminal activities during his youth. In the absence of information beyond what is provided in this profile, it is **crucial to consider the individual's potential for remorse and willingness to seek help**, which can reduce his likelihood of reoffending.	Jackson Exalus' charge of Aggravated Assault with a deadly weapon raises significant **concerns about his inclination towards violence and the potential for reoffending**. The severity of this offense **suggests a willingness to engage in dangerous and harmful behavior towards others**. The fact that he has **one prior offense further reinforces the concern** of a pattern of criminal involvement. While the **jail time served for five days** may have served as a short-term consequence, it does not guarantee successful rehabilitation or deterrence from future criminal behavior.	1	Felony: Aggravated Assault with deadly Weapon	0	"""1"""	1	"""The fact that he has one prior offense further reinforces the concern of a pattern of criminal involvement. While the jail time served for five days may have served as a short-term consequence, it does not guarantee successful rehabilitation or deterrence from future criminal behavior."""	"""The fact that he has one prior offense further reinforces the concern of a pattern of criminal involvement. While the jail time served for five days may have served as a short-term consequence, it does not guarantee successful rehabilitation or deterrence from future criminal behavior."""	"""4"""	"""7"""	"""confirm"""										https://platform.toloka.ai/task/39708080/00025de5b0--648dbbecce8f6852fb386c4b	00025de5b0--648da659a1af7c7d84a10472	00025de5b0--648dbbecce8f6852fb386c4b	26eeff6ac0c2cd0891dfda8629c45514	APPROVED	2023-06-17T13:58:04.130
45	Male	Pedro Rodriguez	Hispanic			242 days	AI	Human	**Low**	**High**	Pedro Rodriguez, a 45-year-old Hispanic male, was arrested on January 12, 2013, for possession of cocaine. He had no prior juvenile felony, misdemeanor, or other offenses. Although he had six **prior counts, they are not specified in the provided information**. Furthermore, with **an age above 45**, Pedro exhibits factors that contribute to a lower likelihood of recidivism. Based on these factors, Pedro Rodriguez is assessed with a high risk of recidivism, scoring 1 out of 10.	Pedro Rodriguez, a 45-year-old Hispanic male, was arrested on January 12, 2013, for possession of cocaine. He has **a history of six prior counts, indicating a pattern of criminal behavior**. The offense description suggests involvement in drug-related activities, which can contribute to a higher risk of recidivism. Considering his age and lack of rehabilitation information, there are **concerns about his ability to desist from re-offending**. Based on these factors, Pedro Rodriguez is assessed with a high risk of recidivism, scoring 10 out of 10.	6	Felony: Possession of Cocaine	0	"""1"""	1	"""Considering his age and lack of rehabilitation information, there are concerns about his ability to desist from re-offending."""	"""Considering his age and lack of rehabilitation information, there are concerns about his ability to desist from re-offending"""	"""7"""	"""7"""	"""confirm"""										https://platform.toloka.ai/task/39708080/00025de5b0--648dbbee1da0c520ee28aa3d	00025de5b0--648da659a1af7c7d84a1046c	00025de5b0--648dbbee1da0c520ee28aa3d	49d9b9fdaa059f41cb21ca572bd65cfa	APPROVED	2023-06-17T13:58:06.165
41	Male	Duc Nguyen	Asian			162 days	AI	Human	**High**	**Low**	Duc Ngyugen has a history of **two previous criminal offenses**, indicating a pattern of involvement in illegal activities. The current offense of felony petit theft suggests **ongoing issues with theft or dishonesty**, which can increase the risk of reoffending. The **relatively short duration of incarceration** may not have provided sufficient time for comprehensive rehabilitation or addressing underlying factors contributing to his criminal behavior. Additionally, the combination of a history of previous offenses and involvement in a felony offense indicates a higher likelihood of reoffending, especially if the root causes of his behavior have not been effectively addressed.	Duc Ngyugen has a history of two previous criminal offenses, indicating past involvement in illegal activities. However, the current offense of felony petit theft and the subsequent **incarceration period of several months** may have served as a **deterrent and a wake-up call** for Duc. The **relatively longer duration of incarceration** may have provided him with an opportunity to reflect on his behavior and make positive changes in his life. It is possible that Duc has learned from his past mistakes and is motivated to avoid further involvement in criminal activities.	2	Felony: Felony Petit Theft	0	"""1"""	1	"""The relatively short duration of incarceration may not have provided sufficient time for comprehensive rehabilitation or addressing underlying factors contributing to his criminal behavior."""	"""Additionally, the combination of a history of previous offenses and involvement in a felony offense indicates a higher likelihood of reoffending, especially if the root causes of his behavior have not been effectively addressed."""	"""5"""	"""5"""	"""confirm"""										https://platform.toloka.ai/task/39708080/00025de5b0--648dbbef245d52430e4b5ae6	00025de5b0--648da659a1af7c7d84a10459	00025de5b0--648dbbef245d52430e4b5ae6	433033f808d9a7054c1c677962a2113d	APPROVED	2023-06-17T13:58:07.777
24	Female	Sarai Beas-Gonzalez	Hispanic			0 days	Human	AI	**High**	**Low**	Sarai Beas-Gonzalez has a **prior arrest for a criminal offense, which suggests a previous involvement in illegal activities**. The current offense of DUI property damage indicates **a problem with alcohol or substance abuse**, which can increase the risk of reoffending. The **lack of a significant period of incarceration** or rehabilitation may not have adequately addressed the underlying issues contributing to her criminal behavior. Additionally, the combination of a prior offense and involvement in a DUI offense suggests a potential pattern of risky behavior, indicating a higher likelihood of reoffending.	Although Sarai Beas-Gonzalez has a prior arrest for a criminal offense, it is important to consider that this incident occurred in the past and she has not committed any further offenses since then. The **current offense of DUI property damage may have served as a significant wake-up call**, highlighting the potential consequences of her actions. The lack of a significant period of incarceration may not have provided direct rehabilitation, but it's **possible that Sarai has taken personal initiative to address her alcohol-related issues**. It is also possible that she has learned from her past mistakes and has taken steps to avoid repeating them, such as seeking counseling or participating in support programs. These factors, combined with the passage of time, suggest a reduced likelihood of reoffending.	1	Misdemeanour: Driving under Influence with Property Damage/Injury	0	"""0"""	1	"""possible that Sarai has taken personal initiative to address her alcohol-related issues"""	"""a problem with alcohol or substance abuse"""	"""5"""	"""5"""	"""confirm"""										https://platform.toloka.ai/task/39708080/00025de5b0--648dbbf008b5135b66c3c7c1	00025de5b0--648da659a1af7c7d84a1045d	00025de5b0--648dbbf008b5135b66c3c7c1	f5092c54c2f97aef9fb5b44fd94d9fa6	APPROVED	2023-06-17T13:58:08.594
41	Male	Duc Nguyen	Asian			162 days	AI	Human	**High**	**Low**	Duc Ngyugen has a history of **two previous criminal offenses**, indicating a pattern of involvement in illegal activities. The current offense of felony petit theft suggests **ongoing issues with theft or dishonesty**, which can increase the risk of reoffending. The **relatively short duration of incarceration** may not have provided sufficient time for comprehensive rehabilitation or addressing underlying factors contributing to his criminal behavior. Additionally, the combination of a history of previous offenses and involvement in a felony offense indicates a higher likelihood of reoffending, especially if the root causes of his behavior have not been effectively addressed.	Duc Ngyugen has a history of two previous criminal offenses, indicating past involvement in illegal activities. However, the current offense of felony petit theft and the subsequent **incarceration period of several months** may have served as a **deterrent and a wake-up call** for Duc. The **relatively longer duration of incarceration** may have provided him with an opportunity to reflect on his behavior and make positive changes in his life. It is possible that Duc has learned from his past mistakes and is motivated to avoid further involvement in criminal activities.	2	Felony: Felony Petit Theft	0	"""1"""	1	"""Required """	"""Duc Ngyugen has a history of two previous criminal offenses, indicating a pattern of involvement in illegal activities. The current offense of felony petit theft suggests ongoing issues with theft or dishonesty, which can increase the risk of reoffending. The relatively short duration of incarceration may not have provided sufficient time for """	"""1"""	"""1"""	"""confirm"""										https://platform.toloka.ai/task/39708080/00025de5b0--648dbbf008b5135b66c3c7c9	00025de5b0--648da659a1af7c7d84a10459	00025de5b0--648dbbf008b5135b66c3c7c9	699fa97d118b6d2e0cb04dd38eea0d89	APPROVED	2023-06-17T13:58:08.756
24	Female	Sarai Beas-Gonzalez	Hispanic			0 days	Human	AI	**High**	**Low**	Sarai Beas-Gonzalez has a **prior arrest for a criminal offense, which suggests a previous involvement in illegal activities**. The current offense of DUI property damage indicates **a problem with alcohol or substance abuse**, which can increase the risk of reoffending. The **lack of a significant period of incarceration** or rehabilitation may not have adequately addressed the underlying issues contributing to her criminal behavior. Additionally, the combination of a prior offense and involvement in a DUI offense suggests a potential pattern of risky behavior, indicating a higher likelihood of reoffending.	Although Sarai Beas-Gonzalez has a prior arrest for a criminal offense, it is important to consider that this incident occurred in the past and she has not committed any further offenses since then. The **current offense of DUI property damage may have served as a significant wake-up call**, highlighting the potential consequences of her actions. The lack of a significant period of incarceration may not have provided direct rehabilitation, but it's **possible that Sarai has taken personal initiative to address her alcohol-related issues**. It is also possible that she has learned from her past mistakes and has taken steps to avoid repeating them, such as seeking counseling or participating in support programs. These factors, combined with the passage of time, suggest a reduced likelihood of reoffending.	1	Misdemeanour: Driving under Influence with Property Damage/Injury	0	"""1"""	1	"""The current offense of DUI property damage indicates a problem with alcohol or substance abuse, which can increase the risk of reoffending. Additionally, the combination of a prior offense and involvement in a DUI offense suggests a potential pattern of risky behavior, indicating a higher likelihood of reoffending."""	"""The current offense of DUI property damage indicates a problem with alcohol or substance abuse, which can increase the risk of reoffending. Additionally, the combination of a prior offense and involvement in a DUI offense suggests a potential pattern of risky behavior, indicating a higher likelihood of reoffending."""	"""6"""	"""6"""	"""confirm"""										https://platform.toloka.ai/task/39708080/00025de5b0--648dbbf079f1853cf18c20a6	00025de5b0--648da659a1af7c7d84a1045d	00025de5b0--648dbbf079f1853cf18c20a6	b38c16bccb07cd808a12c84c6398f4e3	APPROVED	2023-06-17T13:58:08.307
27	Male	Nelson Avalo	Caucasian			0 days	AI	Human	**Low**	**High**	Nelson Avalo has **no prior criminal offenses**, indicating a lack of a pattern of criminal behavior. The current offense of possession of methamphetamine, although a misdemeanor, may have served as a wake-up call for Nelson to reconsider his involvement with drugs. The short duration of **incarceration could have provided him with an opportunity to reflect on the consequences of his actions**. Additionally, if Nelson has actively sought support or counseling for his substance abuse issues, it increases the likelihood of addressing the underlying problems and reducing the risk of reoffending. Overall, his lack of prior criminal history and potential efforts to address his drug use suggest a reduced likelihood of reoffending.	Nelson Avalo has no prior criminal offenses, indicating a lack of a history of criminal behavior. However, the current offense of possession of methamphetamine **suggests involvement with illicit drugs**, which can be associated with a higher risk of reoffending. The **short duration of incarceration may not have allowed for comprehensive rehabilitation** or addressing underlying issues related to drug use. Additionally, the possession of methamphetamine indicates **potential ongoing struggles with substance abuse**, which can increase the likelihood of reoffending in the future if the underlying issues are not effectively addressed.	0	Misdemeanour: Possession Of Methamphetamine	0	"""0"""	0	"""The current offense of possession of methamphetamine, although a misdemeanor, may have served as a wake-up call for Nelson to reconsider his involvement with drugs."""	"""i believe in man"""	"""5"""	"""4"""	"""confirm"""										https://platform.toloka.ai/task/39708080/00025de5b0--648dbbf0eab89e4159912237	00025de5b0--648da659a1af7c7d84a10477	00025de5b0--648dbbf0eab89e4159912237	ab86bb0a0d0dbcffa81fc0ff73cfca32	APPROVED	2023-06-17T13:58:08.001
27	Male	Nelson Avalo	Caucasian			0 days	AI	Human	**Low**	**High**	Nelson Avalo has **no prior criminal offenses**, indicating a lack of a pattern of criminal behavior. The current offense of possession of methamphetamine, although a misdemeanor, may have served as a wake-up call for Nelson to reconsider his involvement with drugs. The short duration of **incarceration could have provided him with an opportunity to reflect on the consequences of his actions**. Additionally, if Nelson has actively sought support or counseling for his substance abuse issues, it increases the likelihood of addressing the underlying problems and reducing the risk of reoffending. Overall, his lack of prior criminal history and potential efforts to address his drug use suggest a reduced likelihood of reoffending.	Nelson Avalo has no prior criminal offenses, indicating a lack of a history of criminal behavior. However, the current offense of possession of methamphetamine **suggests involvement with illicit drugs**, which can be associated with a higher risk of reoffending. The **short duration of incarceration may not have allowed for comprehensive rehabilitation** or addressing underlying issues related to drug use. Additionally, the possession of methamphetamine indicates **potential ongoing struggles with substance abuse**, which can increase the likelihood of reoffending in the future if the underlying issues are not effectively addressed.	0	Misdemeanour: Possession Of Methamphetamine	0	"""1"""	1	"""However, the current offense of possession of methamphetamine suggests involvement with illicit drugs, """	"""However, the current offense of possession of methamphetamine suggests involvement with illicit drugs, """	"""6"""		"""confirm"""										https://platform.toloka.ai/task/39708080/00025de5b0--648dbbf108b5135b66c3c7eb	00025de5b0--648da659a1af7c7d84a10477	00025de5b0--648dbbf108b5135b66c3c7eb	c2ec78869b58136bcfb3e86e19c0461c	APPROVED	2023-06-17T13:58:09.692
49	Female	Lawrence Derubeis	Caucasian			0 days	AI	Human	**Low**	**High**	Lawrence Derubeis has a history of two previous criminal offenses, indicating past involvement in illegal activities. However, the **current offense of driving under the influence may serve as a wake-up call**, highlighting the potential consequences of her actions. The short duration of **incarceration may have provided Lawrence with an opportunity to reflect on her behavior** and make positive changes. Additionally, if she has actively sought help or participated in rehabilitation programs to address her alcohol-related issues, it increases the likelihood of reducing the risk of reoffending. It is possible that Lawrence has learned from her past mistakes and is committed to avoiding similar actions in the future.	Lawrence Derubeis has a **history of two previous criminal offenses**, indicating a pattern of involvement in illegal activities. The current offense of driving under the influence suggests **ongoing issues with alcohol or substance abuse**, which can increase the risk of reoffending. The **short duration of incarceration may not have allowed for comprehensive rehabilitation** or addressing underlying issues related to substance abuse. Additionally, the combination of a history of previous offenses and involvement in a DUI offense suggests a potential pattern of risky behavior, indicating a higher likelihood of reoffending.	2	Misdemeanour: Driving Under The Influence	0	"""1"""	1	"""The current offense of driving under the influence suggests ongoing issues with alcohol or substance abuse, which can increase the risk of reoffending. The short duration of incarceration may not have allowed for comprehensive rehabilitation or addressing underlying issues related to substance abuse."""	"""The short duration of incarceration may not have allowed for comprehensive rehabilitation or addressing underlying issues related to substance abuse. """	"""7"""	"""7"""	"""confirm"""										https://platform.toloka.ai/task/39708080/00025de5b0--648dbbf22175192123718bf5	00025de5b0--648da659a1af7c7d84a10479	00025de5b0--648dbbf22175192123718bf5	050e6268089455eea9e21091b91c2feb	APPROVED	2023-06-17T13:58:10.239
23	Female	Ravenne Osceola	Native American			2 days	AI	Human	**Low**	**High**	While Ravenne Osceola has a history of two prior juvenile criminal offenses, it is important to consider that these incidents occurred in the past and she has not committed any further offenses since then. The current offense of aggravated battery causing great bodily harm may have been **a significant turning point for her, leading to a realization of the consequences of her actions**. The short period of **incarceration might have served as a deterrent** and allowed her time to reflect on her behavior. Additionally, it is **possible that she has received counseling or participated in rehabilitation programs** to address any underlying issues, which can contribute to her reduced likelihood of reoffending.	Ravenne Osceola has **a history of two prior juvenile criminal offenses**, indicating a pattern of involvement in illegal activities. The current offense of aggravated battery causing great bodily harm suggests **a propensity for violence and aggression**. The **short period of incarceration** may not have provided sufficient time for meaningful rehabilitation or addressing underlying issues contributing to her criminal behavior. Additionally, the combination of a history of juvenile offenses and involvement in a serious felony offense increases the risk of reoffending, especially if the root causes of her behavior have not been effectively addressed.	2	Felony: Aggravated Battery with Great Bodily Harm	2	"""1"""	0	"""Additionally, it is possible that she has received counseling or participated in rehabilitation programs"""	""" The current offense of aggravated battery causing great bodily harm may have been a significant turning point for her"""	"""6"""	"""7"""	"""confirm"""										https://platform.toloka.ai/task/39708080/00025de5b0--648dbbf258db6d22ce6022f9	00025de5b0--648da659a1af7c7d84a10469	00025de5b0--648dbbf258db6d22ce6022f9	a5142f3e65e89f0d294e14c5bd09ac2f	APPROVED	2023-06-17T13:58:10.441
23	Female	Ravenne Osceola	Native American			2 days	AI	Human	**Low**	**High**	While Ravenne Osceola has a history of two prior juvenile criminal offenses, it is important to consider that these incidents occurred in the past and she has not committed any further offenses since then. The current offense of aggravated battery causing great bodily harm may have been **a significant turning point for her, leading to a realization of the consequences of her actions**. The short period of **incarceration might have served as a deterrent** and allowed her time to reflect on her behavior. Additionally, it is **possible that she has received counseling or participated in rehabilitation programs** to address any underlying issues, which can contribute to her reduced likelihood of reoffending.	Ravenne Osceola has **a history of two prior juvenile criminal offenses**, indicating a pattern of involvement in illegal activities. The current offense of aggravated battery causing great bodily harm suggests **a propensity for violence and aggression**. The **short period of incarceration** may not have provided sufficient time for meaningful rehabilitation or addressing underlying issues contributing to her criminal behavior. Additionally, the combination of a history of juvenile offenses and involvement in a serious felony offense increases the risk of reoffending, especially if the root causes of her behavior have not been effectively addressed.	2	Felony: Aggravated Battery with Great Bodily Harm	2	"""1"""	1	"""Ravenne Osceola has a history of two prior juvenile criminal offenses, indicating a pattern of involvement in illegal activities.2.The current offense of aggravated battery causing great bodily harm suggests a propensity for violence and aggression"""	"""The short period of incarceration may not have provided sufficient time for meaningful rehabilitation or addressing underlying issues contributing to her criminal behavior"""	"""6"""	"""6"""	"""confirm"""										https://platform.toloka.ai/task/39708080/00025de5b0--648dbbf308b5135b66c3c81a	00025de5b0--648da659a1af7c7d84a10469	00025de5b0--648dbbf308b5135b66c3c81a	7931125df44fb56560d69ade63dc0804	APPROVED	2023-06-17T13:58:11.582
49	Female	Lawrence Derubeis	Caucasian			0 days	AI	Human	**Low**	**High**	Lawrence Derubeis has a history of two previous criminal offenses, indicating past involvement in illegal activities. However, the **current offense of driving under the influence may serve as a wake-up call**, highlighting the potential consequences of her actions. The short duration of **incarceration may have provided Lawrence with an opportunity to reflect on her behavior** and make positive changes. Additionally, if she has actively sought help or participated in rehabilitation programs to address her alcohol-related issues, it increases the likelihood of reducing the risk of reoffending. It is possible that Lawrence has learned from her past mistakes and is committed to avoiding similar actions in the future.	Lawrence Derubeis has a **history of two previous criminal offenses**, indicating a pattern of involvement in illegal activities. The current offense of driving under the influence suggests **ongoing issues with alcohol or substance abuse**, which can increase the risk of reoffending. The **short duration of incarceration may not have allowed for comprehensive rehabilitation** or addressing underlying issues related to substance abuse. Additionally, the combination of a history of previous offenses and involvement in a DUI offense suggests a potential pattern of risky behavior, indicating a higher likelihood of reoffending.	2	Misdemeanour: Driving Under The Influence	0	"""1"""	1	"""The short duration of incarceration may not have allowed for comprehensive rehabilitation or addressing underlying issues related to substance abuse. Additionally, the combination of a history of previous offenses and involvement in a DUI offense suggests a potential pattern of risky behavior, indicating a higher likelihood of reoffending."""	"""The short duration of incarceration may not have allowed for comprehensive rehabilitation or addressing underlying issues related to substance abuse. Additionally, the combination of a history of previous offenses and involvement in a DUI offense suggests a potential pattern of risky behavior, indicating a higher likelihood of reoffending."""	"""5"""	"""5"""	"""confirm"""										https://platform.toloka.ai/task/39708080/00025de5b0--648dbbf3a1af7c7d84a41c96	00025de5b0--648da659a1af7c7d84a10479	00025de5b0--648dbbf3a1af7c7d84a41c96	3a3b60754293d044bbd16ceead01b6c6	APPROVED	2023-06-17T13:58:11.169
40	Male	Ammar Kahok	Asian			107 days	Human	AI	**High**	**Low**	Ammar Kahok has a history of three previous criminal offenses, indicating **a consistent pattern of involvement in illegal activities**. The current offense of robbery with firearms suggests **a willingness to engage in violent and high-risk criminal behavior**. The **relatively short period of incarceration** may not have provided sufficient time for effective rehabilitation or addressing the underlying factors contributing to his criminal behavior. Additionally, the combination of a history of multiple offenses and involvement in a serious felony offense increases the risk of reoffending, especially if the root causes of his behavior have not been adequately addressed.	Ammar Kahok has a history of three previous criminal offenses, indicating a pattern of involvement in illegal activities. However, it is important to consider that the current offense of robbery with firearms is a serious felony offense  and with the passage of time since his release, combined with the potential for **rehabilitation efforts during his incarceration**, may have allowed Ammar to **reflect on his actions and make positive changes in his life**. Additionally, if he has **actively sought support, therapy, or engaged in programs to address the underlying issues** contributing to his criminal behavior, it increases the likelihood of reducing the risk of reoffending.	3	Felony: Robbery with Firearm	0	"""0"""	1	"""a consistent pattern of involvement in illegal activities. The current offense of robbery with firearms suggests a willingness to engage in violent and high-risk criminal behavior. """	""" rehabilitation efforts during his incarceration, may have allowed Ammar to reflect on his actions and make positive changes in his life. Additionally, if he has actively sought support, therapy, or engaged in programs to address the underlying issues"""	"""4"""	"""1"""	"""confirm"""										https://platform.toloka.ai/task/39708080/00025de5b0--648dbbf3eab89e41599122b8	00025de5b0--648da659a1af7c7d84a10465	00025de5b0--648dbbf3eab89e41599122b8	3ae617487dd858fe3a24f307dc424d4d	APPROVED	2023-06-17T13:58:11.690
40	Male	Ammar Kahok	Asian			107 days	Human	AI	**High**	**Low**	Ammar Kahok has a history of three previous criminal offenses, indicating **a consistent pattern of involvement in illegal activities**. The current offense of robbery with firearms suggests **a willingness to engage in violent and high-risk criminal behavior**. The **relatively short period of incarceration** may not have provided sufficient time for effective rehabilitation or addressing the underlying factors contributing to his criminal behavior. Additionally, the combination of a history of multiple offenses and involvement in a serious felony offense increases the risk of reoffending, especially if the root causes of his behavior have not been adequately addressed.	Ammar Kahok has a history of three previous criminal offenses, indicating a pattern of involvement in illegal activities. However, it is important to consider that the current offense of robbery with firearms is a serious felony offense  and with the passage of time since his release, combined with the potential for **rehabilitation efforts during his incarceration**, may have allowed Ammar to **reflect on his actions and make positive changes in his life**. Additionally, if he has **actively sought support, therapy, or engaged in programs to address the underlying issues** contributing to his criminal behavior, it increases the likelihood of reducing the risk of reoffending.	3	Felony: Robbery with Firearm	0	"""1"""	1	"""The relatively short period of incarceration may not have provided sufficient time for effective rehabilitation"""	"""The relatively short period of incarceration may not have provided sufficient time for effective rehabilitation"""	"""6"""	"""6"""	"""confirm"""										https://platform.toloka.ai/task/39708080/00025de5b0--648dbbf430a157283b5c0f1e	00025de5b0--648da659a1af7c7d84a10465	00025de5b0--648dbbf430a157283b5c0f1e	0fea213a662afdddcd3e84e16542f4ba	APPROVED	2023-06-17T13:58:12.547
24	Male	Ed Philo	African-American			1 days	AI	Human	**Low**	**High**	There are a few factors that could potentially contribute to a reduced likelihood of reoffending. First, the short duration of **incarceration may have served as a deterrent and a wake-up call** for Ed, highlighting the potential consequences of his actions. Second, if he has received support or participated in programs to address his substance abuse issues during or after his brief incarceration, it could increase the chances of successful rehabilitation. Third, the **passage of time since his release may have allowed Ed to reflect on his behavior and make positive changes in his life**. Lastly, external factors such as access to supportive networks, employment opportunities, and a stable living environment can also influence an individual's likelihood of reoffending.	Ed Philo has **a history of four criminal offenses**, including one during his juvenile years, indicating a consistent pattern of involvement in illegal activities. The current offense of possession of cocaine suggests **ongoing issues with substance abuse**, which can contribute to a higher risk of reoffending. The **short duration of incarceration** may not have provided sufficient time for effective rehabilitation or addressing the underlying factors contributing to his criminal behavior. Additionally, the combination of a history of multiple offenses and involvement in a serious felony offense increases the risk of reoffending, especially if the root causes of his behavior have not been adequately addressed.	4	Felony: Possession of Cocaine	1	"""1"""	1	"""Ed Philo has a history of four criminal offenses, including one during his juvenile years, indicating a consistent pattern of involvement in illegal activities.The current offense of possession of cocaine suggests ongoing issues with substance abuse, which can contribute to a higher risk of reoffending."""	"""Ed Philo has a history of four criminal offenses, including one during his juvenile years, indicating a consistent pattern of involvement in illegal activities.The current offense of possession of cocaine suggests ongoing issues with substance abuse, which can contribute to a higher risk of reoffending."""	"""4"""	"""4"""	"""confirm"""										https://platform.toloka.ai/task/39708080/00025de5b0--648dbbf44616cb749c7cda39	00025de5b0--648da659a1af7c7d84a10474	00025de5b0--648dbbf44616cb749c7cda39	2b3018193cc02411dcd7ae6359b0266b	APPROVED	2023-06-17T13:58:12.351
24	Male	Ed Philo	African-American			1 days	AI	Human	**Low**	**High**	There are a few factors that could potentially contribute to a reduced likelihood of reoffending. First, the short duration of **incarceration may have served as a deterrent and a wake-up call** for Ed, highlighting the potential consequences of his actions. Second, if he has received support or participated in programs to address his substance abuse issues during or after his brief incarceration, it could increase the chances of successful rehabilitation. Third, the **passage of time since his release may have allowed Ed to reflect on his behavior and make positive changes in his life**. Lastly, external factors such as access to supportive networks, employment opportunities, and a stable living environment can also influence an individual's likelihood of reoffending.	Ed Philo has **a history of four criminal offenses**, including one during his juvenile years, indicating a consistent pattern of involvement in illegal activities. The current offense of possession of cocaine suggests **ongoing issues with substance abuse**, which can contribute to a higher risk of reoffending. The **short duration of incarceration** may not have provided sufficient time for effective rehabilitation or addressing the underlying factors contributing to his criminal behavior. Additionally, the combination of a history of multiple offenses and involvement in a serious felony offense increases the risk of reoffending, especially if the root causes of his behavior have not been adequately addressed.	4	Felony: Possession of Cocaine	1	"""0"""	0	"""incarceration may have served as a deterrent and a wake-up call for Ed, highlighting the potential consequences of his actions"""	""", the passage of time since his release may have allowed Ed to reflect on his behavior and make positive"""	"""4"""	"""2"""	"""confirm"""										https://platform.toloka.ai/task/39708080/00025de5b0--648dbbf458db6d22ce602336	00025de5b0--648da659a1af7c7d84a10474	00025de5b0--648dbbf458db6d22ce602336	33eafdff6ce7ca3b899dfb2194239227	APPROVED	2023-06-17T13:58:12.216
49	Female	Lawrence Derubeis	Caucasian			0 days	AI	Human	**Low**	**High**	Lawrence Derubeis has a history of two previous criminal offenses, indicating past involvement in illegal activities. However, the **current offense of driving under the influence may serve as a wake-up call**, highlighting the potential consequences of her actions. The short duration of **incarceration may have provided Lawrence with an opportunity to reflect on her behavior** and make positive changes. Additionally, if she has actively sought help or participated in rehabilitation programs to address her alcohol-related issues, it increases the likelihood of reducing the risk of reoffending. It is possible that Lawrence has learned from her past mistakes and is committed to avoiding similar actions in the future.	Lawrence Derubeis has a **history of two previous criminal offenses**, indicating a pattern of involvement in illegal activities. The current offense of driving under the influence suggests **ongoing issues with alcohol or substance abuse**, which can increase the risk of reoffending. The **short duration of incarceration may not have allowed for comprehensive rehabilitation** or addressing underlying issues related to substance abuse. Additionally, the combination of a history of previous offenses and involvement in a DUI offense suggests a potential pattern of risky behavior, indicating a higher likelihood of reoffending.	2	Misdemeanour: Driving Under The Influence	0	"""1"""	1	"""ongoing issues with alcohol or substance abuse"""	"""history of two previous criminal offenses,"""	"""6"""	"""7"""	"""confirm"""										https://platform.toloka.ai/task/39708080/00025de5b0--648dbbf55a761439e3e77edc	00025de5b0--648da659a1af7c7d84a10479	00025de5b0--648dbbf55a761439e3e77edc	45fe92c99530c783b8a22d974c8a766d	APPROVED	2023-06-17T13:58:13.111
40	Male	Ammar Kahok	Asian			107 days	Human	AI	**High**	**Low**	Ammar Kahok has a history of three previous criminal offenses, indicating **a consistent pattern of involvement in illegal activities**. The current offense of robbery with firearms suggests **a willingness to engage in violent and high-risk criminal behavior**. The **relatively short period of incarceration** may not have provided sufficient time for effective rehabilitation or addressing the underlying factors contributing to his criminal behavior. Additionally, the combination of a history of multiple offenses and involvement in a serious felony offense increases the risk of reoffending, especially if the root causes of his behavior have not been adequately addressed.	Ammar Kahok has a history of three previous criminal offenses, indicating a pattern of involvement in illegal activities. However, it is important to consider that the current offense of robbery with firearms is a serious felony offense  and with the passage of time since his release, combined with the potential for **rehabilitation efforts during his incarceration**, may have allowed Ammar to **reflect on his actions and make positive changes in his life**. Additionally, if he has **actively sought support, therapy, or engaged in programs to address the underlying issues** contributing to his criminal behavior, it increases the likelihood of reducing the risk of reoffending.	3	Felony: Robbery with Firearm	0	"""1"""	1	""" The current offense of robbery with firearms suggests a willingness to engage in violent and high-risk criminal behavior. Additionally, the combination of a history of multiple offenses and involvement in a serious felony offense increases the risk of reoffending, especially if the root causes of his behavior have not been adequately addressed."""	""" The current offense of robbery with firearms suggests a willingness to engage in violent and high-risk criminal behavior. Additionally, the combination of a history of multiple offenses and involvement in a serious felony offense increases the risk of reoffending, especially if the root causes of his behavior have not been adequately addressed."""	"""6"""	"""6"""	"""confirm"""										https://platform.toloka.ai/task/39708080/00025de5b0--648dbbf5eab89e41599122f7	00025de5b0--648da659a1af7c7d84a10465	00025de5b0--648dbbf5eab89e41599122f7	01eb0a5678f3d2313141dfd87995fcc5	APPROVED	2023-06-17T13:58:13.575
24	Female	Sarai Beas-Gonzalez	Hispanic			0 days	Human	AI	**High**	**Low**	Sarai Beas-Gonzalez has a **prior arrest for a criminal offense, which suggests a previous involvement in illegal activities**. The current offense of DUI property damage indicates **a problem with alcohol or substance abuse**, which can increase the risk of reoffending. The **lack of a significant period of incarceration** or rehabilitation may not have adequately addressed the underlying issues contributing to her criminal behavior. Additionally, the combination of a prior offense and involvement in a DUI offense suggests a potential pattern of risky behavior, indicating a higher likelihood of reoffending.	Although Sarai Beas-Gonzalez has a prior arrest for a criminal offense, it is important to consider that this incident occurred in the past and she has not committed any further offenses since then. The **current offense of DUI property damage may have served as a significant wake-up call**, highlighting the potential consequences of her actions. The lack of a significant period of incarceration may not have provided direct rehabilitation, but it's **possible that Sarai has taken personal initiative to address her alcohol-related issues**. It is also possible that she has learned from her past mistakes and has taken steps to avoid repeating them, such as seeking counseling or participating in support programs. These factors, combined with the passage of time, suggest a reduced likelihood of reoffending.	1	Misdemeanour: Driving under Influence with Property Damage/Injury	0	"""1"""	1	"""'Sarai Beas-Gonzalez has a prior arrest for a criminal offense, which suggests a previous involvement in illegal activities.','the combination of a prior offense and involvement in a DUI offense suggests a potential pattern of risky behavior'"""	"""'The current offense of DUI property damage indicates a problem with alcohol or substance abuse','The lack of a significant period of incarceration or rehabilitation may not have adequately addressed the underlying issues contributing to her criminal behavior. '"""	"""5"""	"""6"""	"""confirm"""										https://platform.toloka.ai/task/39708080/00025de5b0--648dbc02eab89e41599124c5	00025de5b0--648da659a1af7c7d84a1045d	00025de5b0--648dbc02eab89e41599124c5	02ae08c68d7aff17cd087f0a1b89ff16	APPROVED	2023-06-17T13:58:26.950
27	Male	Nelson Avalo	Caucasian			0 days	AI	Human	**Low**	**High**	Nelson Avalo has **no prior criminal offenses**, indicating a lack of a pattern of criminal behavior. The current offense of possession of methamphetamine, although a misdemeanor, may have served as a wake-up call for Nelson to reconsider his involvement with drugs. The short duration of **incarceration could have provided him with an opportunity to reflect on the consequences of his actions**. Additionally, if Nelson has actively sought support or counseling for his substance abuse issues, it increases the likelihood of addressing the underlying problems and reducing the risk of reoffending. Overall, his lack of prior criminal history and potential efforts to address his drug use suggest a reduced likelihood of reoffending.	Nelson Avalo has no prior criminal offenses, indicating a lack of a history of criminal behavior. However, the current offense of possession of methamphetamine **suggests involvement with illicit drugs**, which can be associated with a higher risk of reoffending. The **short duration of incarceration may not have allowed for comprehensive rehabilitation** or addressing underlying issues related to drug use. Additionally, the possession of methamphetamine indicates **potential ongoing struggles with substance abuse**, which can increase the likelihood of reoffending in the future if the underlying issues are not effectively addressed.	0	Misdemeanour: Possession Of Methamphetamine	0	"""0"""	0	"""Nelson Avalo has no prior criminal offenses.Additionally, if Nelson has actively sought support or counseling for his substance abuse issues, it increases the likelihood of addressing the underlying problems and reducing the risk of reoffending."""	"""Nelson Avalo has no prior criminal offenses, indicating a lack of a pattern of criminal behavior. """	"""5"""	"""5"""	"""confirm"""										https://platform.toloka.ai/task/39708080/00025de5b0--648dbc1780636234aa8fc399	00025de5b0--648da659a1af7c7d84a10477	00025de5b0--648dbc1780636234aa8fc399	02003a55bfd0552968a617d49c002f01	APPROVED	2023-06-17T13:58:47.689
24	Male	Ed Philo	African-American			1 days	AI	Human	**Low**	**High**	There are a few factors that could potentially contribute to a reduced likelihood of reoffending. First, the short duration of **incarceration may have served as a deterrent and a wake-up call** for Ed, highlighting the potential consequences of his actions. Second, if he has received support or participated in programs to address his substance abuse issues during or after his brief incarceration, it could increase the chances of successful rehabilitation. Third, the **passage of time since his release may have allowed Ed to reflect on his behavior and make positive changes in his life**. Lastly, external factors such as access to supportive networks, employment opportunities, and a stable living environment can also influence an individual's likelihood of reoffending.	Ed Philo has **a history of four criminal offenses**, including one during his juvenile years, indicating a consistent pattern of involvement in illegal activities. The current offense of possession of cocaine suggests **ongoing issues with substance abuse**, which can contribute to a higher risk of reoffending. The **short duration of incarceration** may not have provided sufficient time for effective rehabilitation or addressing the underlying factors contributing to his criminal behavior. Additionally, the combination of a history of multiple offenses and involvement in a serious felony offense increases the risk of reoffending, especially if the root causes of his behavior have not been adequately addressed.	4	Felony: Possession of Cocaine	1	"""1"""	1	"""Ed Philo has a history of four criminal offenses, including one during his juvenile years, indicating a consistent pattern of involvement in illegal activities. The current offense of possession of cocaine suggests ongoing issues with substance abuse, which can contribute to a higher risk of reoffending"""	"""Ed Philo has a history of four criminal offenses, including one during his juvenile years, indicating a consistent pattern of involvement in illegal activities. The current offense of possession of cocaine suggests ongoing issues with substance abuse, which can contribute to a higher risk of reoffending"""	"""6"""	"""6"""	"""confirm"""										https://platform.toloka.ai/task/39708080/00025de5b0--648dbc2e58db6d22ce602c15	00025de5b0--648da659a1af7c7d84a10474	00025de5b0--648dbc2e58db6d22ce602c15	babef801ca5907be41e7ebb6e6ca1707	APPROVED	2023-06-17T13:59:10.506
23	Female	Ravenne Osceola	Native American			2 days	AI	Human	**Low**	**High**	While Ravenne Osceola has a history of two prior juvenile criminal offenses, it is important to consider that these incidents occurred in the past and she has not committed any further offenses since then. The current offense of aggravated battery causing great bodily harm may have been **a significant turning point for her, leading to a realization of the consequences of her actions**. The short period of **incarceration might have served as a deterrent** and allowed her time to reflect on her behavior. Additionally, it is **possible that she has received counseling or participated in rehabilitation programs** to address any underlying issues, which can contribute to her reduced likelihood of reoffending.	Ravenne Osceola has **a history of two prior juvenile criminal offenses**, indicating a pattern of involvement in illegal activities. The current offense of aggravated battery causing great bodily harm suggests **a propensity for violence and aggression**. The **short period of incarceration** may not have provided sufficient time for meaningful rehabilitation or addressing underlying issues contributing to her criminal behavior. Additionally, the combination of a history of juvenile offenses and involvement in a serious felony offense increases the risk of reoffending, especially if the root causes of her behavior have not been effectively addressed.	2	Felony: Aggravated Battery with Great Bodily Harm	2	"""1"""	0	"""significant turning point for her, leading to a realization of the consequences of her actions"""	"""possible that she has received counseling or participated in rehabilitation programs"""	"""5"""	"""5"""	"""confirm"""										https://platform.toloka.ai/task/39708080/00025de5b0--648dbc39ad1f8e1e8e13c176	00025de5b0--648da659a1af7c7d84a10469	00025de5b0--648dbc39ad1f8e1e8e13c176	0e8cff42d4860bc39a6d0239e5957de5	APPROVED	2023-06-17T13:59:21.859
